iso,L2,L2PP5,L2PP6,ga70,ga70PP5,ga70PP6,L3,ga26,L4Rev1,ga28,L9,ga31,L11,L13Rev1,ga33,L15,ga34,L18,ga22,L20,ga37,L21,ga62,L23,L23PP6,ga38,ga38PP6,L25,ga39,L26,L26OP5,L26OP15,L26OP19,ga40,ga40OP5,ga40OP15,ga40OP19,L27Rev1,L27Rev1PP5,L27Rev1OP10,ga40OP5,ga41PP5,ga41OP10,L32,ga25,L34,L34OP2,ga44,ga44OP2,L35,ga45,L37,ga47,L38,ga48,L40,ga50,L41Rev1,L41Rev1OP13,ga51,ga51,L44,L44OP16,ga52,ga52OP16,L46,L46PP6,ga73,ga73PP6,L.47,ga27,L49Rev1,ga54,L50,ga55,L51,ga56,L52Rev1,ga57,L54,ga58,ga58OP3
AFG,Y,Y,Y,Y,Y,Y,Y,Y,Y,Y,Y,Y,Y,Y,Y,Y,Y,,Y,Y,Y,Y,Y,Y,Y,Y,Y,Y,Y,Y,Y,Y,Y,Y,Y,Y,Y,Y,Y,Y,Y,Y,Y,Y,Y,,,Y,Y,Y,Y,Y,Y,Y,Y,Y,Y,Y,Y,Y,Y,Y,Y,Y,Y,Y,Y,Y,Y,Y,Y,Y,Y,Y,Y,Y,Y,Y,Y,Y,Y,Y
ALB,Y,Y,Y,Y,Y,Y,Y,Y,Y,Y,A,A,Y,Y,A,N,N,A,A,N,N,N,N,N,A,N,A,Y,Y,Y,Y,Y,Y,Y,Y,Y,Y,Y,Y,Y,Y,Y,Y,A,A,A,A,Y,A,Y,Y,A,A,A,A,N,N,A,Y,A,A,N,Y,N,Y,Y,Y,Y,Y,A,A,Y,Y,Y,Y,A,A,A,N,Y,Y,Y
DZA,Y,Y,Y,Y,Y,Y,Y,Y,Y,Y,Y,Y,Y,Y,Y,Y,Y,Y,Y,Y,Y,Y,Y,Y,Y,Y,Y,Y,Y,Y,Y,Y,Y,Y,Y,Y,Y,Y,A,A,Y,A,A,Y,Y,Y,Y,Y,Y,Y,Y,Y,Y,Y,Y,Y,Y,Y,Y,Y,Y,Y,Y,Y,Y,Y,Y,Y,Y,Y,Y,A,A,Y,Y,Y,Y,Y,Y,Y,Y,A
AND,Y,Y,Y,Y,Y,Y,Y,Y,Y,Y,A,A,Y,A,A,N,N,A,A,N,N,N,N,N,A,N,A,Y,Y,Y,Y,Y,Y,Y,Y,Y,Y,Y,Y,Y,Y,Y,Y,A,A,Y,A,Y,A,Y,Y,Y,Y,Y,Y,A,A,A,Y,A,A,N,Y,N,Y,Y,Y,Y,Y,A,A,Y,Y,Y,Y,A,A,A,A,Y,Y,Y
AGO,Y,Y,Y,Y,Y,Y,Y,,Y,,Y,,Y,Y,,Y,,Y,,Y,,Y,,Y,Y,,,Y,,Y,Y,Y,Y,,,,,Y,Y,Y,,,,Y,,Y,Y,,,Y,,Y,,Y,,Y,,Y,Y,,,Y,Y,,,Y,Y,Y,Y,Y,,Y,,Y,,Y,,Y,,Y,,
ATG,,,,Y,Y,Y,,Y,Y,Y,Y,Y,Y,Y,Y,,Y,Y,Y,,Y,,Y,,,Y,Y,Y,Y,,,,,Y,Y,Y,Y,Y,Y,Y,Y,Y,Y,,Y,Y,Y,Y,Y,Y,Y,,Y,,Y,,Y,Y,Y,Y,Y,,,Y,Y,,,Y,Y,,Y,Y,Y,Y,Y,,Y,Y,Y,Y,Y,Y
ARG,Y,Y,Y,Y,Y,Y,Y,Y,Y,Y,Y,Y,Y,Y,Y,Y,Y,Y,Y,A,A,Y,Y,Y,Y,Y,Y,Y,Y,Y,Y,Y,A,Y,Y,Y,A,Y,Y,Y,Y,Y,Y,A,A,Y,Y,Y,Y,Y,Y,Y,Y,Y,Y,Y,Y,Y,Y,Y,Y,Y,Y,Y,Y,Y,Y,Y,Y,Y,Y,A,A,Y,Y,Y,Y,Y,Y,Y,Y,Y
ARM,Y,Y,Y,Y,Y,Y,Y,Y,Y,Y,A,A,Y,A,A,Y,Y,Y,Y,A,A,A,A,A,A,A,A,Y,Y,Y,Y,Y,Y,Y,Y,Y,Y,Y,,,Y,A,A,A,A,Y,Y,Y,Y,Y,Y,Y,Y,Y,Y,A,A,Y,Y,Y,Y,Y,Y,Y,Y,Y,Y,Y,Y,Y,Y,A,A,Y,Y,A,A,A,A,A,A,A
AUS,A,Y,Y,A,Y,Y,Y,Y,Y,Y,A,A,Y,A,A,N,N,Y,Y,N,N,N,N,N,A,N,A,Y,Y,Y,Y,Y,Y,Y,Y,Y,Y,Y,Y,Y,Y,Y,Y,A,A,Y,A,Y,A,Y,Y,A,A,N,N,N,N,A,Y,A,A,N,Y,N,Y,Y,Y,Y,Y,A,A,Y,Y,Y,Y,A,A,A,A,Y,Y,Y
AUT,Y,Y,Y,Y,Y,Y,Y,Y,Y,Y,A,A,Y,Y,Y,Y,Y,A,A,N,N,N,N,N,Y,N,Y,Y,Y,Y,Y,Y,Y,Y,Y,Y,Y,Y,Y,Y,Y,Y,Y,A,A,A,Y,Y,A,Y,Y,Y,Y,Y,Y,Y,Y,Y,Y,Y,Y,A,Y,A,Y,Y,Y,Y,Y,A,A,Y,Y,Y,Y,Y,Y,Y,Y,Y,Y,Y
AZE,Y,Y,Y,Y,Y,Y,Y,Y,Y,Y,Y,Y,Y,Y,Y,Y,Y,Y,Y,Y,Y,Y,Y,Y,Y,Y,Y,Y,Y,Y,Y,Y,Y,Y,Y,Y,Y,Y,Y,Y,Y,Y,Y,Y,Y,Y,Y,Y,Y,Y,Y,Y,Y,Y,Y,Y,Y,Y,Y,Y,Y,Y,Y,Y,Y,Y,Y,Y,Y,Y,Y,Y,Y,Y,Y,Y,Y,Y,Y,A,A,A
BHS,Y,Y,Y,Y,Y,Y,Y,Y,Y,Y,Y,Y,Y,Y,Y,Y,Y,Y,Y,Y,Y,Y,Y,Y,Y,Y,Y,Y,Y,Y,Y,Y,Y,Y,Y,Y,Y,Y,Y,Y,Y,Y,Y,Y,Y,Y,Y,Y,Y,Y,Y,Y,Y,Y,Y,Y,Y,Y,Y,Y,Y,Y,Y,Y,Y,Y,Y,Y,Y,Y,Y,Y,Y,Y,Y,Y,Y,Y,Y,Y,Y,Y
BHR,Y,Y,Y,Y,Y,Y,Y,Y,Y,Y,Y,Y,Y,Y,Y,Y,Y,Y,Y,Y,Y,Y,Y,Y,Y,Y,Y,Y,Y,Y,Y,Y,Y,Y,Y,Y,Y,Y,Y,Y,Y,Y,Y,Y,Y,Y,Y,Y,Y,Y,Y,Y,Y,Y,Y,Y,Y,Y,Y,Y,Y,Y,Y,Y,Y,Y,Y,Y,Y,Y,Y,A,A,Y,Y,Y,Y,Y,Y,Y,Y,Y
BGD,Y,Y,Y,Y,Y,Y,Y,Y,Y,Y,Y,Y,Y,Y,Y,Y,Y,Y,Y,Y,Y,Y,Y,Y,Y,Y,Y,Y,Y,Y,Y,Y,Y,Y,Y,Y,Y,Y,Y,Y,Y,Y,Y,Y,Y,Y,Y,Y,Y,Y,Y,Y,Y,Y,Y,Y,Y,Y,Y,Y,Y,Y,Y,Y,Y,Y,Y,Y,Y,Y,Y,Y,Y,Y,Y,Y,Y,Y,Y,Y,Y,Y
BRB,Y,Y,Y,Y,Y,Y,Y,Y,Y,Y,Y,Y,Y,Y,Y,Y,Y,Y,Y,Y,Y,Y,Y,Y,Y,Y,Y,Y,Y,Y,Y,Y,Y,Y,Y,Y,Y,Y,Y,Y,Y,Y,Y,Y,Y,Y,Y,Y,Y,Y,Y,Y,Y,Y,Y,Y,Y,Y,Y,Y,Y,Y,Y,Y,Y,Y,Y,Y,Y,Y,Y,Y,Y,Y,Y,Y,Y,Y,Y,Y,Y,Y
BLR,Y,Y,Y,Y,Y,Y,Y,Y,Y,Y,Y,Y,Y,A,A,Y,Y,Y,Y,A,A,A,A,Y,Y,Y,Y,Y,Y,Y,Y,Y,Y,Y,Y,Y,Y,Y,A,A,Y,A,A,Y,Y,Y,Y,Y,Y,Y,Y,Y,Y,Y,Y,Y,Y,Y,Y,Y,Y,A,Y,A,Y,Y,Y,Y,Y,Y,Y,A,A,Y,Y,A,A,Y,Y,A,A,A
BEL,A,Y,Y,A,Y,Y,Y,Y,Y,Y,A,A,Y,A,A,N,N,A,A,N,N,N,N,N,A,N,A,Y,Y,Y,Y,Y,Y,Y,Y,Y,Y,Y,Y,Y,Y,Y,Y,A,A,Y,A,Y,Y,Y,Y,A,A,N,N,N,N,A,Y,A,A,N,Y,N,Y,Y,Y,Y,Y,A,A,Y,Y,Y,Y,N,N,N,N,Y,Y,Y
BLZ,Y,Y,Y,Y,Y,Y,Y,Y,Y,Y,Y,Y,Y,Y,Y,Y,Y,Y,Y,Y,Y,Y,Y,,Y,Y,Y,Y,Y,Y,Y,Y,Y,Y,Y,Y,Y,Y,Y,Y,Y,Y,Y,Y,Y,Y,Y,Y,Y,Y,Y,Y,Y,Y,Y,Y,Y,Y,Y,Y,Y,Y,Y,Y,Y,Y,Y,Y,Y,Y,Y,Y,Y,Y,Y,Y,Y,Y,Y,Y,Y,Y
BEN,Y,Y,Y,Y,Y,Y,Y,Y,Y,Y,Y,Y,Y,Y,Y,Y,Y,Y,Y,Y,Y,Y,Y,Y,Y,Y,Y,Y,Y,Y,Y,Y,Y,Y,Y,Y,Y,Y,Y,Y,Y,Y,Y,Y,Y,Y,Y,Y,Y,Y,Y,Y,Y,Y,Y,Y,Y,Y,Y,Y,Y,Y,Y,Y,Y,Y,Y,Y,Y,Y,Y,Y,Y,Y,Y,Y,Y,Y,Y,Y,Y,Y
BTN,Y,A,A,Y,A,A,Y,Y,Y,Y,Y,Y,Y,Y,Y,Y,Y,Y,Y,Y,Y,Y,Y,Y,Y,Y,Y,Y,Y,Y,A,Y,Y,Y,A,Y,Y,Y,Y,Y,A,Y,Y,Y,Y,A,A,A,A,Y,Y,Y,Y,A,A,Y,Y,A,A,A,A,Y,Y,Y,Y,Y,Y,Y,Y,Y,Y,Y,Y,Y,Y,Y,Y,Y,Y,Y,Y,Y
BOL,Y,Y,Y,Y,Y,Y,Y,Y,Y,Y,Y,Y,Y,Y,Y,Y,Y,Y,Y,Y,Y,Y,Y,Y,Y,Y,Y,Y,Y,A,Y,Y,Y,Y,Y,Y,Y,Y,A,A,Y,A,A,Y,Y,Y,Y,Y,Y,Y,Y,Y,Y,Y,Y,Y,Y,Y,Y,Y,Y,Y,Y,Y,Y,Y,Y,Y,Y,Y,Y,Y,Y,A,Y,Y,Y,Y,Y,A,A,A
BIH,Y,Y,Y,Y,Y,Y,Y,Y,Y,Y,A,A,Y,Y,Y,A,A,A,A,N,N,N,N,N,A,N,A,Y,Y,Y,Y,Y,Y,Y,Y,Y,Y,Y,Y,Y,Y,Y,Y,A,A,Y,Y,Y,Y,Y,Y,A,A,A,A,A,A,A,Y,A,A,N,Y,N,Y,Y,Y,Y,Y,A,A,Y,Y,Y,Y,Y,Y,A,A,Y,Y,Y
BWA,Y,Y,Y,,,,Y,Y,Y,Y,Y,Y,Y,Y,Y,Y,Y,Y,Y,Y,Y,Y,Y,Y,Y,Y,Y,Y,Y,Y,Y,Y,Y,Y,Y,Y,Y,Y,Y,Y,Y,Y,Y,Y,Y,Y,Y,Y,Y,Y,Y,Y,Y,Y,Y,Y,Y,Y,Y,Y,Y,Y,Y,Y,Y,Y,Y,Y,Y,Y,Y,Y,Y,Y,Y,Y,Y,Y,Y,Y,Y,Y
BRA,Y,Y,Y,Y,Y,Y,Y,Y,Y,Y,Y,Y,Y,Y,Y,Y,Y,Y,Y,Y,Y,Y,Y,Y,Y,Y,Y,Y,Y,Y,Y,Y,A,Y,Y,Y,A,Y,Y,Y,Y,Y,Y,Y,Y,Y,Y,Y,Y,Y,Y,Y,Y,Y,Y,Y,Y,Y,Y,Y,Y,Y,Y,Y,Y,Y,Y,Y,Y,Y,Y,A,A,Y,Y,Y,Y,Y,Y,Y,Y,Y
BRN,Y,Y,Y,Y,Y,Y,Y,Y,Y,Y,Y,Y,Y,Y,Y,Y,Y,Y,Y,Y,Y,Y,Y,Y,Y,Y,Y,Y,Y,Y,Y,Y,Y,Y,Y,Y,Y,Y,Y,Y,Y,Y,Y,Y,Y,Y,Y,Y,Y,Y,Y,Y,Y,Y,Y,Y,Y,Y,Y,Y,Y,Y,Y,Y,Y,Y,Y,Y,Y,Y,Y,Y,Y,Y,Y,Y,Y,Y,Y,Y,Y,Y
BGR,Y,Y,Y,Y,Y,Y,Y,Y,Y,Y,A,A,Y,A,A,A,A,A,A,N,N,N,N,N,A,N,A,Y,Y,Y,Y,Y,Y,Y,Y,Y,Y,Y,Y,Y,Y,Y,Y,A,A,Y,Y,Y,Y,Y,Y,A,A,N,N,N,N,A,Y,A,A,N,Y,N,Y,Y,Y,Y,Y,A,A,Y,Y,Y,Y,N,N,A,A,Y,Y,Y
BFA,Y,Y,Y,Y,Y,Y,Y,Y,Y,Y,Y,Y,Y,Y,Y,Y,Y,Y,Y,Y,Y,Y,Y,Y,Y,Y,Y,Y,Y,Y,Y,Y,Y,Y,Y,Y,Y,Y,Y,Y,Y,Y,Y,Y,Y,Y,Y,Y,Y,Y,Y,Y,Y,Y,Y,Y,Y,Y,Y,Y,Y,Y,Y,Y,Y,Y,Y,Y,Y,Y,Y,Y,Y,Y,Y,Y,Y,Y,Y,Y,Y,Y
BDI,Y,Y,Y,Y,Y,Y,Y,Y,Y,Y,Y,Y,Y,Y,Y,Y,Y,,Y,Y,Y,Y,Y,Y,Y,Y,Y,Y,Y,Y,Y,Y,Y,Y,Y,Y,Y,,,,Y,Y,Y,Y,Y,,,Y,Y,Y,Y,Y,Y,Y,Y,Y,Y,Y,Y,Y,Y,Y,Y,Y,Y,Y,Y,Y,Y,Y,Y,Y,Y,Y,Y,Y,Y,Y,Y,Y,Y,Y
CPV,Y,Y,Y,Y,Y,Y,Y,Y,Y,Y,Y,Y,Y,Y,Y,Y,Y,Y,Y,Y,Y,Y,Y,Y,Y,Y,Y,Y,Y,Y,Y,Y,Y,Y,Y,Y,Y,Y,Y,Y,Y,Y,Y,Y,Y,Y,Y,Y,Y,Y,Y,Y,Y,Y,Y,Y,Y,Y,Y,Y,Y,Y,Y,Y,Y,Y,Y,Y,Y,Y,Y,Y,Y,Y,Y,Y,Y,Y,Y,Y,Y,Y
KHM,Y,Y,Y,Y,Y,Y,Y,Y,Y,Y,Y,Y,Y,Y,Y,Y,Y,Y,Y,Y,Y,Y,Y,Y,Y,Y,Y,Y,Y,Y,Y,Y,Y,Y,Y,Y,Y,Y,Y,,Y,Y,Y,Y,Y,Y,Y,Y,Y,Y,Y,Y,Y,Y,Y,Y,Y,Y,Y,Y,Y,Y,Y,Y,Y,Y,Y,Y,Y,Y,Y,,,Y,Y,Y,Y,Y,Y,Y,Y,Y
CMR,A,,,A,,,Y,Y,Y,Y,Y,Y,Y,Y,Y,Y,Y,Y,Y,Y,Y,Y,Y,Y,,Y,,Y,Y,Y,,,,Y,,,,Y,,,,,,Y,Y,Y,,Y,,Y,Y,Y,Y,Y,Y,Y,Y,Y,,Y,Y,Y,,Y,,Y,,Y,,Y,Y,Y,Y,Y,Y,Y,Y,Y,Y,Y,Y,
CAN,N,Y,Y,N,Y,Y,Y,Y,Y,Y,A,A,Y,A,A,N,N,A,A,N,N,N,N,N,N,N,N,Y,Y,Y,Y,Y,Y,Y,Y,Y,Y,Y,Y,Y,Y,Y,Y,A,A,Y,Y,Y,Y,Y,Y,A,A,N,N,N,N,A,Y,A,A,N,Y,N,Y,Y,Y,Y,Y,A,A,Y,Y,Y,Y,A,A,N,N,Y,Y,Y
CAF,Y,Y,Y,Y,,,Y,Y,Y,Y,,Y,,Y,Y,Y,Y,,Y,Y,Y,Y,Y,Y,Y,Y,,Y,Y,Y,Y,Y,Y,Y,Y,Y,Y,Y,A,A,Y,Y,Y,Y,Y,,,Y,Y,Y,Y,Y,Y,Y,Y,Y,Y,Y,Y,Y,Y,Y,Y,Y,Y,Y,Y,Y,,Y,Y,,Y,,Y,Y,Y,Y,Y,,Y,
TCD,Y,Y,Y,Y,Y,Y,Y,Y,Y,Y,Y,Y,Y,Y,Y,Y,Y,Y,Y,Y,Y,Y,Y,Y,Y,Y,Y,Y,Y,Y,Y,Y,Y,Y,Y,Y,Y,Y,Y,Y,Y,Y,Y,Y,Y,Y,Y,Y,Y,Y,Y,Y,Y,Y,Y,Y,Y,Y,Y,Y,Y,Y,Y,Y,Y,Y,Y,Y,Y,Y,Y,Y,Y,Y,Y,Y,Y,Y,Y,Y,Y,Y
CHL,Y,Y,Y,Y,Y,Y,Y,Y,Y,Y,Y,Y,Y,Y,Y,Y,Y,Y,Y,Y,Y,Y,Y,Y,Y,Y,Y,Y,Y,Y,Y,Y,Y,Y,Y,Y,Y,Y,Y,Y,Y,Y,Y,Y,Y,Y,Y,Y,Y,Y,Y,Y,Y,Y,Y,Y,Y,Y,Y,Y,Y,Y,Y,Y,Y,Y,Y,Y,Y,Y,Y,Y,Y,Y,Y,Y,Y,Y,Y,Y,Y,Y
CHN,Y,Y,Y,Y,Y,Y,Y,Y,Y,Y,Y,Y,Y,N,N,Y,Y,Y,Y,A,A,Y,Y,A,,A,,Y,Y,N,Y,N,Y,N,Y,N,Y,A,A,A,Y,A,A,Y,Y,Y,Y,Y,Y,Y,Y,A,A,A,A,A,A,A,Y,A,A,Y,Y,Y,Y,Y,Y,Y,Y,Y,Y,A,A,Y,Y,Y,Y,A,A,Y,Y,Y
COL,Y,Y,Y,Y,Y,Y,Y,Y,Y,Y,Y,Y,Y,Y,Y,Y,Y,Y,Y,Y,Y,Y,Y,Y,Y,Y,Y,Y,Y,Y,Y,Y,Y,Y,Y,Y,Y,Y,Y,Y,Y,Y,Y,Y,Y,Y,Y,Y,Y,Y,Y,Y,Y,Y,Y,Y,Y,Y,Y,Y,Y,Y,Y,Y,Y,Y,Y,Y,Y,Y,Y,Y,Y,Y,Y,Y,Y,Y,Y,Y,Y,Y
COM,Y,Y,Y,Y,Y,Y,,,Y,Y,Y,Y,Y,Y,Y,Y,Y,Y,,Y,Y,Y,Y,Y,Y,Y,Y,Y,Y,Y,Y,Y,Y,Y,Y,Y,Y,,,,Y,Y,Y,Y,,Y,Y,Y,Y,Y,Y,Y,Y,Y,Y,Y,Y,Y,Y,Y,Y,Y,Y,Y,Y,Y,Y,Y,Y,,,Y,Y,Y,Y,Y,Y,Y,Y,Y,Y,Y
COG,Y,Y,Y,Y,Y,Y,Y,Y,Y,Y,Y,Y,Y,Y,Y,Y,Y,Y,Y,Y,Y,Y,Y,Y,Y,Y,Y,Y,Y,Y,Y,Y,Y,Y,Y,Y,Y,Y,Y,,Y,Y,Y,Y,Y,Y,Y,Y,Y,Y,Y,Y,Y,Y,Y,Y,Y,Y,Y,Y,Y,Y,Y,Y,Y,Y,Y,Y,Y,Y,Y,Y,Y,Y,Y,Y,Y,Y,Y,Y,Y,Y
CRI,Y,Y,Y,Y,Y,Y,Y,Y,Y,Y,Y,Y,Y,Y,Y,Y,Y,Y,Y,Y,Y,Y,Y,Y,Y,Y,Y,Y,Y,Y,Y,Y,Y,Y,Y,Y,Y,Y,Y,Y,Y,Y,Y,Y,Y,Y,Y,Y,Y,Y,Y,Y,Y,Y,Y,Y,Y,Y,Y,Y,Y,Y,Y,Y,Y,Y,Y,Y,Y,Y,Y,Y,Y,Y,Y,Y,Y,Y,Y,Y,Y,Y
CIV,A,Y,Y,A,Y,Y,Y,Y,Y,Y,Y,Y,Y,Y,Y,Y,Y,,Y,Y,Y,Y,Y,Y,Y,Y,Y,Y,Y,Y,Y,Y,Y,Y,Y,Y,Y,Y,Y,Y,Y,Y,Y,Y,Y,Y,,Y,Y,Y,Y,Y,Y,Y,Y,Y,Y,Y,Y,Y,Y,Y,Y,Y,Y,Y,Y,Y,Y,Y,Y,Y,Y,Y,Y,Y,Y,Y,Y,Y,Y,Y
HRV,Y,Y,Y,Y,Y,Y,Y,Y,Y,Y,A,A,Y,A,A,N,N,A,A,N,N,N,N,N,A,N,A,Y,Y,Y,Y,Y,Y,Y,Y,Y,Y,Y,Y,Y,Y,Y,Y,A,A,Y,A,Y,A,Y,Y,N,N,N,N,N,N,A,Y,A,A,N,Y,N,Y,Y,Y,Y,Y,A,A,Y,Y,Y,Y,A,A,A,A,Y,Y,Y
CUB,Y,Y,Y,Y,Y,Y,Y,Y,Y,Y,Y,Y,Y,Y,Y,Y,Y,Y,Y,Y,Y,Y,Y,Y,Y,Y,Y,Y,Y,A,Y,Y,Y,A,Y,Y,Y,Y,A,A,Y,A,A,Y,Y,Y,Y,Y,Y,Y,Y,Y,Y,Y,Y,Y,Y,Y,Y,Y,Y,Y,Y,Y,Y,Y,Y,Y,Y,Y,Y,Y,Y,A,A,Y,Y,Y,Y,A,A,A
CYP,Y,Y,Y,Y,Y,Y,Y,Y,Y,Y,A,A,Y,A,A,A,A,A,A,N,N,N,N,N,A,N,A,Y,Y,Y,Y,Y,Y,Y,Y,Y,Y,Y,Y,Y,Y,Y,Y,A,A,Y,A,Y,A,Y,Y,Y,Y,Y,Y,A,A,Y,Y,Y,Y,A,Y,A,Y,Y,Y,Y,Y,A,A,A,A,Y,Y,Y,Y,Y,Y,Y,Y,Y
CZE,A,Y,Y,A,Y,Y,Y,Y,Y,Y,A,A,Y,N,N,N,N,A,A,N,N,N,N,N,A,N,A,Y,Y,Y,Y,Y,Y,Y,Y,Y,Y,Y,Y,Y,Y,Y,Y,A,A,Y,A,Y,A,Y,Y,N,N,N,N,N,N,A,Y,A,A,N,Y,N,Y,Y,Y,Y,Y,A,A,Y,Y,Y,Y,N,N,N,N,Y,Y,Y
PRK,Y,,,Y,,,Y,Y,,,Y,Y,Y,Y,Y,Y,Y,Y,Y,Y,Y,Y,Y,A,,A,,A,A,N,N,A,N,N,N,A,N,,N,N,N,N,N,Y,Y,Y,Y,Y,Y,Y,Y,A,A,A,A,A,A,N,N,N,N,Y,A,Y,A,N,,N,,Y,Y,,,A,A,Y,Y,A,A,A,A,
COD,,,,,,,Y,Y,Y,Y,Y,Y,Y,Y,Y,Y,Y,Y,Y,Y,Y,Y,Y,,,,,Y,Y,,,,,Y,Y,Y,Y,,,,Y,,,Y,Y,Y,Y,Y,,Y,Y,Y,Y,Y,Y,Y,Y,Y,Y,Y,Y,Y,Y,Y,Y,Y,Y,Y,Y,Y,Y,Y,Y,Y,Y,Y,Y,Y,Y,,,
DNK,A,Y,Y,Y,Y,Y,Y,Y,Y,Y,A,A,Y,A,A,N,N,A,A,N,N,N,N,N,A,N,A,Y,Y,Y,Y,Y,Y,Y,Y,Y,Y,Y,Y,Y,Y,Y,Y,A,A,Y,A,Y,A,Y,Y,A,A,N,N,N,N,A,Y,A,A,N,Y,N,Y,Y,Y,Y,Y,A,A,Y,Y,Y,Y,N,N,N,N,Y,Y,Y
DJI,Y,Y,Y,Y,Y,Y,Y,Y,Y,Y,Y,Y,Y,Y,Y,Y,Y,Y,Y,Y,Y,Y,Y,Y,Y,Y,Y,Y,Y,Y,Y,Y,Y,Y,Y,Y,Y,Y,Y,Y,Y,Y,Y,Y,Y,Y,Y,Y,Y,Y,Y,Y,Y,Y,Y,Y,Y,Y,Y,Y,Y,Y,Y,Y,Y,Y,Y,Y,Y,Y,Y,Y,Y,Y,Y,Y,Y,Y,Y,Y,Y,Y
DMA,,,,Y,Y,Y,,Y,,Y,,Y,,,Y,,Y,,Y,,Y,,Y,,,Y,Y,,Y,,,,,Y,Y,Y,Y,,,,Y,Y,Y,,Y,,,Y,Y,,Y,,Y,,Y,,Y,,Y,Y,Y,,,Y,Y,,,Y,Y,,Y,,Y,,Y,,Y,,Y,,Y,Y
DOM,Y,Y,Y,Y,Y,Y,Y,Y,Y,Y,Y,Y,Y,Y,Y,Y,Y,Y,Y,Y,Y,Y,Y,Y,Y,Y,Y,Y,Y,Y,Y,Y,Y,Y,Y,Y,Y,Y,Y,Y,Y,Y,Y,Y,Y,Y,Y,Y,Y,Y,Y,Y,Y,Y,Y,Y,Y,Y,,Y,Y,Y,Y,Y,Y,Y,Y,Y,Y,Y,Y,Y,Y,Y,Y,Y,Y,Y,Y,Y,Y,Y
ECU,Y,Y,Y,Y,Y,Y,Y,Y,Y,Y,Y,Y,Y,Y,Y,Y,Y,Y,Y,Y,Y,Y,Y,Y,Y,Y,Y,Y,Y,A,Y,Y,Y,A,Y,Y,Y,Y,A,A,Y,A,A,Y,Y,Y,Y,Y,Y,Y,Y,Y,Y,Y,Y,Y,Y,Y,Y,Y,Y,Y,Y,Y,Y,Y,Y,Y,Y,Y,Y,Y,Y,Y,Y,Y,Y,Y,Y,A,A,A
EGY,Y,Y,Y,Y,Y,Y,Y,Y,Y,Y,Y,Y,Y,Y,Y,Y,Y,Y,Y,Y,Y,Y,Y,Y,Y,Y,Y,A,A,A,Y,Y,A,A,Y,Y,A,Y,Y,Y,Y,Y,Y,Y,Y,Y,Y,Y,Y,Y,Y,Y,Y,Y,Y,Y,Y,Y,Y,Y,Y,Y,Y,Y,Y,Y,Y,Y,Y,Y,Y,A,A,A,A,Y,Y,Y,Y,A,A,A
SLV,Y,Y,Y,Y,Y,Y,Y,,Y,Y,Y,Y,Y,Y,Y,Y,Y,Y,,Y,Y,Y,Y,Y,Y,Y,Y,Y,Y,Y,Y,Y,Y,,Y,Y,Y,Y,Y,Y,Y,Y,Y,Y,,Y,Y,Y,Y,Y,Y,Y,Y,Y,Y,Y,Y,Y,Y,Y,Y,Y,Y,Y,Y,Y,Y,Y,Y,Y,Y,,Y,,Y,Y,Y,Y,Y,,Y,Y
GNQ,,,,Y,Y,Y,,Y,,Y,,Y,,,Y,,Y,,Y,,Y,,Y,,,Y,Y,,Y,,,,,Y,Y,Y,Y,,,,Y,Y,Y,,Y,,,Y,Y,,Y,,Y,,Y,,Y,,Y,Y,Y,,,Y,Y,,,Y,Y,,Y,,Y,,Y,,Y,,Y,,Y,Y
ERI,Y,Y,Y,Y,Y,Y,Y,Y,Y,Y,Y,Y,Y,Y,Y,Y,Y,Y,Y,Y,Y,Y,Y,Y,Y,Y,Y,Y,Y,Y,Y,Y,Y,Y,Y,Y,Y,Y,Y,Y,Y,Y,Y,Y,Y,Y,Y,Y,Y,Y,Y,Y,Y,Y,Y,Y,Y,Y,,Y,Y,Y,Y,Y,Y,Y,Y,Y,Y,Y,Y,Y,Y,Y,Y,Y,Y,Y,Y,Y,Y,A
EST,Y,Y,Y,Y,Y,Y,Y,Y,Y,Y,A,A,Y,N,N,N,N,A,A,N,N,N,N,N,A,N,A,Y,Y,Y,Y,Y,Y,Y,Y,Y,Y,Y,Y,Y,Y,Y,Y,A,A,Y,A,Y,A,Y,Y,N,N,N,N,N,N,A,Y,A,A,N,Y,N,Y,Y,Y,Y,Y,A,A,A,A,Y,Y,N,N,N,N,Y,Y,Y
ETH,A,Y,Y,A,Y,Y,Y,Y,Y,Y,Y,Y,Y,Y,Y,Y,Y,Y,Y,Y,Y,Y,Y,Y,Y,Y,Y,Y,Y,Y,,Y,Y,Y,Y,Y,Y,Y,Y,Y,Y,Y,Y,Y,Y,Y,Y,Y,Y,Y,Y,Y,Y,Y,Y,Y,Y,Y,Y,Y,Y,Y,Y,Y,Y,Y,Y,Y,Y,Y,Y,Y,Y,Y,Y,Y,Y,Y,Y,Y,Y,Y
FJI,Y,Y,Y,Y,Y,Y,Y,Y,Y,Y,Y,Y,Y,Y,Y,Y,Y,Y,Y,Y,Y,Y,Y,Y,Y,Y,Y,Y,Y,Y,Y,Y,Y,Y,Y,Y,Y,Y,Y,Y,Y,Y,Y,Y,Y,Y,Y,Y,Y,Y,Y,Y,Y,Y,Y,Y,Y,Y,Y,Y,Y,Y,Y,Y,Y,Y,Y,Y,Y,Y,Y,Y,Y,Y,Y,Y,Y,Y,Y,A,A,A
FIN,Y,Y,Y,Y,Y,Y,Y,Y,Y,Y,A,A,Y,A,A,A,A,A,A,N,N,N,N,N,A,N,A,Y,Y,Y,Y,Y,Y,Y,Y,Y,Y,Y,Y,Y,Y,Y,Y,A,A,Y,A,Y,A,Y,Y,Y,Y,A,A,N,N,A,Y,A,A,N,Y,N,Y,Y,Y,Y,Y,A,A,A,A,Y,Y,A,A,A,A,Y,Y,Y
FRA,A,Y,Y,A,Y,Y,Y,Y,Y,Y,A,A,A,N,N,N,N,N,N,N,N,N,N,N,A,N,A,Y,Y,A,Y,Y,Y,A,Y,Y,Y,Y,Y,Y,Y,Y,Y,A,A,Y,A,Y,A,N,N,N,N,N,N,N,N,N,Y,N,N,N,A,N,A,Y,Y,Y,Y,A,A,Y,Y,Y,Y,N,N,N,N,Y,Y,Y
GAB,Y,,,Y,,,Y,Y,Y,Y,Y,Y,Y,Y,Y,Y,,,,Y,Y,Y,Y,Y,,Y,Y,Y,Y,Y,,,,Y,,,,Y,,,,,,Y,Y,Y,Y,Y,,Y,Y,Y,Y,Y,Y,Y,Y,Y,A,Y,Y,Y,,Y,Y,Y,,Y,,Y,Y,Y,Y,Y,Y,Y,Y,Y,Y,Y,Y,
GMB,,,,Y,Y,Y,,Y,,Y,,Y,,,Y,,Y,,,,Y,,Y,,,Y,Y,,Y,,,,,Y,Y,Y,Y,,,,Y,Y,Y,,Y,,,Y,Y,,Y,,Y,,Y,,Y,,Y,Y,Y,,,Y,Y,,,Y,Y,,Y,,Y,,Y,,Y,,Y,,Y,Y
GEO,Y,Y,Y,Y,Y,Y,Y,Y,Y,Y,A,A,Y,Y,Y,A,A,A,A,A,A,N,N,A,A,A,A,Y,Y,Y,Y,Y,Y,Y,Y,Y,Y,Y,Y,Y,Y,Y,Y,A,A,Y,A,Y,A,Y,Y,A,A,A,A,,A,A,,Y,Y,,Y,N,Y,Y,Y,Y,Y,N,N,Y,A,Y,Y,A,A,A,A,Y,Y,Y
DEU,A,Y,Y,A,Y,Y,Y,Y,Y,Y,A,A,Y,A,A,N,N,A,A,N,N,N,N,N,A,N,A,Y,Y,Y,Y,Y,Y,Y,Y,Y,Y,Y,Y,Y,Y,Y,Y,A,A,Y,A,Y,A,Y,Y,A,A,N,N,N,N,A,Y,A,A,N,Y,N,Y,Y,Y,Y,Y,A,A,Y,Y,Y,Y,N,N,N,N,Y,Y,Y
GHA,Y,Y,Y,Y,Y,Y,Y,Y,Y,Y,Y,Y,Y,Y,Y,Y,Y,Y,Y,Y,Y,Y,Y,Y,Y,Y,Y,Y,Y,Y,Y,Y,Y,Y,Y,Y,Y,Y,Y,Y,Y,Y,Y,Y,Y,Y,Y,Y,Y,Y,Y,Y,Y,Y,Y,Y,Y,Y,Y,Y,Y,Y,Y,Y,Y,Y,Y,Y,Y,Y,Y,Y,Y,Y,Y,Y,Y,Y,Y,Y,Y,Y
GRC,Y,Y,Y,Y,Y,Y,Y,Y,Y,Y,A,A,Y,A,A,A,A,A,A,N,N,N,N,N,A,N,A,Y,Y,Y,Y,Y,Y,Y,Y,Y,Y,Y,Y,Y,Y,Y,Y,A,A,Y,A,Y,A,Y,Y,A,A,A,A,N,N,A,Y,A,A,N,Y,N,Y,Y,Y,Y,Y,A,A,A,A,Y,Y,N,N,A,A,Y,Y,Y
GRD,Y,Y,Y,Y,Y,Y,Y,Y,Y,Y,Y,Y,Y,Y,Y,Y,Y,Y,Y,Y,Y,Y,Y,Y,Y,Y,Y,Y,Y,Y,Y,Y,Y,Y,Y,Y,Y,Y,Y,Y,Y,Y,Y,Y,Y,Y,Y,Y,Y,Y,Y,Y,Y,Y,Y,Y,Y,Y,Y,Y,Y,Y,Y,Y,Y,Y,Y,Y,Y,Y,Y,Y,Y,Y,Y,Y,Y,Y,Y,Y,Y,Y
GTM,Y,Y,Y,Y,Y,Y,Y,Y,Y,Y,Y,Y,Y,Y,Y,Y,Y,Y,Y,Y,Y,Y,Y,Y,Y,Y,Y,Y,Y,Y,Y,Y,Y,Y,Y,Y,Y,Y,Y,Y,Y,Y,Y,Y,Y,Y,Y,Y,Y,Y,Y,Y,Y,Y,Y,Y,Y,Y,Y,Y,Y,Y,Y,Y,Y,Y,Y,Y,Y,Y,Y,Y,Y,Y,Y,Y,Y,Y,Y,Y,Y,Y
GIN,Y,Y,Y,Y,Y,Y,Y,Y,Y,Y,Y,Y,Y,Y,Y,Y,Y,Y,,Y,Y,Y,Y,Y,Y,Y,Y,Y,Y,Y,Y,Y,Y,Y,Y,Y,Y,Y,Y,Y,Y,Y,Y,Y,Y,Y,Y,Y,Y,Y,Y,Y,Y,Y,Y,Y,Y,Y,Y,Y,Y,Y,Y,Y,Y,Y,Y,Y,Y,Y,Y,Y,Y,Y,Y,Y,Y,Y,Y,Y,Y,Y
GNB,Y,Y,Y,Y,Y,Y,Y,Y,Y,Y,Y,Y,Y,Y,Y,Y,Y,Y,,Y,Y,Y,Y,Y,Y,Y,Y,Y,Y,Y,Y,Y,Y,Y,Y,Y,Y,Y,Y,Y,Y,Y,Y,Y,Y,Y,Y,Y,Y,Y,Y,Y,Y,Y,Y,Y,Y,Y,Y,Y,Y,Y,Y,Y,Y,Y,Y,Y,Y,Y,Y,Y,Y,Y,Y,Y,Y,Y,Y,Y,Y,Y
GUY,Y,Y,Y,Y,Y,Y,Y,Y,Y,Y,Y,Y,Y,Y,Y,Y,Y,,Y,Y,Y,Y,Y,Y,Y,Y,Y,Y,Y,Y,Y,Y,Y,Y,Y,Y,Y,,,,Y,Y,Y,Y,Y,,,Y,Y,Y,Y,Y,Y,Y,Y,Y,Y,Y,Y,Y,Y,Y,Y,Y,Y,Y,Y,Y,Y,Y,Y,Y,Y,Y,Y,Y,Y,Y,Y,Y,Y,Y
HTI,Y,Y,Y,,,,Y,,Y,,Y,,Y,Y,,Y,,,,Y,,Y,,Y,Y,,,Y,,Y,Y,Y,Y,,,,,Y,Y,Y,,,,Y,,Y,,,,Y,,Y,,Y,,Y,,Y,Y,,,Y,Y,,,Y,Y,,,Y,,Y,,Y,,Y,,Y,,Y,,
HND,Y,Y,Y,A,A,A,Y,Y,Y,Y,Y,Y,Y,Y,Y,Y,Y,Y,Y,Y,Y,Y,Y,Y,Y,Y,Y,Y,Y,Y,Y,Y,Y,Y,Y,Y,Y,Y,Y,Y,Y,Y,Y,Y,Y,Y,Y,Y,Y,Y,Y,Y,Y,Y,Y,,Y,Y,Y,Y,Y,Y,Y,Y,Y,Y,Y,Y,Y,Y,Y,Y,Y,Y,Y,Y,Y,Y,Y,Y,Y,Y
HUN,A,Y,Y,A,Y,Y,Y,Y,Y,Y,A,A,Y,N,N,N,N,A,A,N,N,N,N,N,A,N,A,Y,Y,Y,Y,Y,Y,Y,Y,Y,Y,Y,Y,Y,Y,Y,Y,A,A,Y,Y,Y,Y,Y,Y,N,N,N,N,N,N,A,Y,A,A,N,Y,N,Y,Y,Y,Y,Y,A,A,Y,Y,Y,Y,N,N,N,N,Y,Y,Y
ISL,Y,Y,Y,Y,Y,Y,Y,Y,Y,Y,A,A,Y,A,A,N,N,A,A,N,N,N,N,N,A,N,A,Y,Y,Y,Y,Y,Y,Y,Y,Y,Y,Y,Y,Y,Y,Y,Y,A,A,Y,A,Y,A,Y,Y,A,A,N,A,N,N,A,A,A,A,N,Y,N,Y,Y,Y,Y,Y,A,A,Y,Y,Y,Y,A,A,A,A,Y,Y,Y
IND,A,N,N,A,N,N,Y,Y,A,A,Y,Y,Y,A,A,Y,Y,Y,Y,Y,Y,Y,Y,A,A,A,A,Y,Y,A,N,A,A,A,N,A,A,Y,Y,Y,N,Y,Y,Y,Y,N,N,N,N,Y,Y,Y,Y,A,A,A,A,N,Y,N,N,A,Y,A,Y,A,A,A,A,Y,Y,A,A,A,A,Y,Y,Y,A,A,A,A
IDN,Y,Y,Y,Y,Y,Y,Y,Y,Y,Y,Y,Y,Y,Y,Y,Y,Y,Y,Y,Y,Y,Y,Y,Y,Y,Y,Y,Y,Y,Y,Y,Y,Y,Y,Y,Y,Y,Y,Y,A,Y,Y,A,Y,Y,Y,Y,Y,Y,Y,Y,Y,Y,Y,Y,Y,Y,Y,N,Y,Y,Y,Y,Y,Y,Y,Y,Y,Y,Y,Y,Y,Y,Y,Y,Y,Y,Y,Y,A,A,A
IRN,Y,Y,Y,Y,Y,Y,Y,Y,Y,Y,Y,Y,Y,Y,Y,Y,Y,Y,Y,Y,Y,Y,Y,Y,Y,Y,Y,A,A,A,Y,,,A,,,,A,N,N,,N,N,Y,Y,Y,Y,Y,,Y,Y,Y,Y,Y,Y,Y,Y,Y,Y,Y,Y,Y,Y,Y,Y,Y,,Y,Y,Y,Y,A,A,A,A,Y,Y,Y,Y,A,A,A
IRQ,Y,Y,Y,Y,Y,Y,Y,Y,Y,Y,Y,Y,Y,Y,Y,Y,Y,Y,Y,Y,Y,Y,Y,Y,Y,Y,Y,Y,Y,Y,Y,Y,Y,Y,Y,Y,Y,Y,Y,Y,Y,Y,Y,Y,Y,Y,Y,Y,Y,Y,Y,Y,Y,Y,Y,Y,Y,Y,Y,Y,Y,Y,Y,Y,Y,Y,Y,Y,Y,Y,Y,Y,Y,Y,Y,Y,Y,Y,Y,Y,Y,Y
IRL,Y,Y,Y,Y,Y,Y,Y,Y,Y,Y,A,A,Y,Y,Y,Y,Y,A,A,N,N,N,N,N,A,N,A,Y,Y,Y,Y,Y,Y,Y,Y,Y,Y,Y,Y,Y,Y,Y,Y,A,A,Y,A,Y,A,Y,Y,Y,Y,Y,Y,Y,Y,Y,Y,Y,Y,A,Y,A,Y,Y,Y,Y,Y,A,A,Y,Y,Y,Y,Y,Y,A,A,Y,Y,Y
ISR,N,N,N,N,N,N,A,A,A,A,N,N,A,N,N,N,N,A,A,N,N,N,N,N,N,N,N,A,A,A,N,A,A,A,N,A,A,Y,Y,Y,N,Y,Y,A,A,Y,A,Y,A,A,A,N,N,N,N,N,N,N,Y,N,N,N,A,N,A,Y,A,Y,A,N,N,A,A,A,A,N,N,N,N,Y,Y,Y
ITA,Y,Y,Y,Y,Y,Y,Y,Y,Y,Y,A,A,Y,A,A,N,N,A,A,N,N,N,N,A,A,A,A,Y,Y,Y,Y,Y,Y,Y,Y,Y,Y,Y,Y,Y,Y,Y,Y,A,A,Y,Y,Y,Y,Y,Y,N,N,N,N,N,N,A,N,A,A,N,Y,N,Y,Y,Y,Y,Y,A,A,Y,Y,Y,Y,N,N,N,N,Y,Y,Y
JAM,Y,Y,Y,Y,Y,Y,Y,Y,Y,Y,Y,Y,Y,Y,Y,Y,Y,Y,Y,Y,Y,Y,Y,Y,Y,Y,Y,Y,Y,Y,Y,Y,Y,Y,Y,Y,Y,Y,Y,Y,Y,Y,Y,Y,Y,Y,Y,Y,Y,Y,Y,Y,Y,Y,Y,Y,Y,Y,Y,Y,Y,Y,Y,Y,Y,Y,Y,Y,Y,Y,Y,Y,Y,Y,Y,Y,Y,Y,Y,Y,Y,Y
JPN,Y,Y,Y,Y,Y,Y,Y,Y,Y,Y,A,A,Y,A,A,A,A,Y,Y,A,A,A,A,A,Y,A,Y,Y,Y,Y,Y,Y,Y,Y,Y,Y,Y,Y,Y,Y,Y,Y,Y,Y,Y,Y,Y,Y,Y,Y,Y,Y,Y,A,A,A,A,A,Y,A,A,A,Y,A,Y,Y,Y,Y,Y,A,A,Y,Y,Y,Y,A,A,A,A,Y,Y,Y
JOR,Y,Y,Y,Y,Y,Y,Y,Y,Y,Y,Y,Y,Y,Y,Y,Y,Y,Y,Y,Y,Y,Y,Y,Y,Y,Y,Y,Y,Y,Y,Y,Y,Y,Y,Y,Y,Y,Y,Y,Y,Y,Y,Y,Y,Y,Y,Y,Y,Y,Y,Y,Y,Y,Y,Y,Y,Y,Y,Y,Y,Y,Y,Y,Y,Y,Y,Y,Y,Y,Y,Y,Y,Y,Y,Y,Y,Y,Y,Y,Y,Y,Y
KAZ,Y,Y,Y,Y,,Y,Y,Y,Y,Y,Y,Y,Y,Y,Y,Y,Y,Y,Y,Y,Y,Y,Y,Y,Y,Y,Y,Y,Y,Y,Y,Y,Y,Y,Y,Y,Y,Y,,,Y,Y,A,Y,Y,Y,Y,Y,Y,Y,Y,Y,Y,Y,Y,Y,Y,Y,Y,Y,Y,Y,Y,Y,Y,Y,Y,Y,Y,Y,Y,Y,Y,Y,Y,Y,Y,Y,Y,Y,Y,Y
KEN,Y,Y,Y,Y,Y,Y,Y,Y,Y,Y,Y,Y,Y,Y,Y,Y,Y,Y,Y,Y,Y,Y,Y,Y,Y,Y,Y,Y,Y,Y,Y,Y,Y,Y,Y,Y,Y,Y,Y,Y,Y,Y,Y,Y,Y,Y,Y,Y,Y,Y,Y,Y,Y,Y,Y,Y,Y,Y,Y,Y,Y,Y,Y,Y,Y,Y,Y,Y,Y,Y,Y,Y,Y,Y,Y,Y,Y,Y,Y,Y,Y,Y
KIR,Y,Y,Y,Y,Y,Y,,Y,Y,Y,,Y,Y,Y,Y,Y,Y,Y,Y,Y,Y,Y,Y,Y,Y,Y,Y,Y,Y,Y,Y,Y,Y,Y,Y,Y,Y,Y,Y,Y,Y,Y,Y,Y,Y,Y,Y,Y,Y,Y,Y,Y,Y,Y,Y,Y,Y,Y,Y,Y,Y,Y,Y,Y,Y,Y,Y,Y,Y,,Y,Y,Y,Y,Y,Y,Y,Y,Y,Y,Y,Y
KWT,Y,Y,Y,Y,Y,Y,Y,Y,Y,Y,Y,Y,Y,Y,Y,Y,Y,Y,Y,Y,Y,Y,Y,Y,Y,Y,Y,Y,Y,Y,Y,Y,Y,Y,Y,Y,Y,Y,Y,Y,Y,Y,Y,Y,Y,Y,Y,Y,Y,Y,Y,Y,Y,Y,Y,Y,Y,Y,Y,Y,Y,Y,Y,Y,Y,Y,Y,Y,Y,Y,Y,A,A,Y,Y,Y,Y,Y,Y,A,A,A
KGZ,Y,Y,Y,Y,Y,Y,Y,Y,Y,Y,Y,Y,Y,Y,Y,Y,Y,Y,Y,Y,Y,Y,Y,Y,Y,Y,Y,Y,Y,Y,Y,Y,Y,Y,Y,Y,Y,Y,,,Y,A,A,Y,Y,Y,Y,Y,Y,Y,Y,Y,Y,Y,Y,Y,Y,Y,Y,Y,Y,Y,Y,Y,Y,Y,Y,Y,Y,Y,Y,A,A,Y,Y,Y,Y,Y,Y,Y,Y,Y
LAO,Y,Y,Y,Y,Y,Y,Y,Y,Y,Y,Y,Y,Y,Y,Y,Y,Y,Y,Y,Y,Y,Y,Y,Y,Y,Y,Y,Y,Y,Y,Y,Y,Y,Y,Y,Y,Y,Y,,,Y,,,Y,Y,Y,Y,Y,Y,Y,Y,Y,Y,Y,Y,Y,Y,Y,Y,Y,Y,Y,Y,Y,Y,Y,Y,Y,Y,Y,Y,Y,Y,Y,Y,Y,Y,Y,Y,A,A,A
LVA,Y,Y,Y,Y,Y,Y,Y,Y,Y,Y,A,A,Y,N,N,N,N,A,A,N,N,N,N,N,A,N,A,Y,Y,Y,Y,Y,Y,Y,Y,Y,Y,Y,Y,Y,Y,Y,Y,A,A,Y,A,Y,A,Y,Y,N,N,N,N,N,N,A,Y,A,A,N,Y,N,Y,Y,Y,Y,Y,A,A,A,A,Y,Y,N,N,N,N,Y,Y,Y
LBN,Y,Y,Y,Y,Y,Y,Y,Y,Y,Y,Y,Y,Y,Y,Y,Y,Y,Y,Y,Y,Y,Y,Y,Y,Y,Y,Y,Y,Y,Y,Y,Y,Y,Y,Y,Y,Y,Y,,,Y,,,Y,Y,Y,Y,Y,Y,Y,Y,Y,Y,Y,Y,Y,Y,Y,Y,Y,Y,Y,Y,Y,Y,Y,Y,Y,Y,Y,Y,Y,Y,A,A,Y,Y,Y,Y,Y,Y,Y
LSO,,,,Y,Y,Y,,Y,Y,,,Y,,Y,Y,,Y,,Y,,Y,,Y,,,Y,Y,Y,Y,,,,,Y,Y,Y,Y,Y,A,A,Y,Y,Y,,A,,,Y,Y,Y,Y,,Y,,Y,,Y,Y,Y,Y,Y,,,Y,Y,,,Y,Y,,Y,,Y,,Y,,Y,Y,Y,,Y,Y
LBR,Y,Y,Y,Y,Y,Y,Y,Y,Y,Y,Y,Y,Y,Y,Y,Y,Y,Y,Y,Y,Y,Y,Y,Y,Y,Y,Y,Y,Y,Y,Y,Y,Y,Y,Y,Y,Y,Y,Y,Y,Y,Y,Y,Y,Y,Y,Y,Y,Y,Y,Y,Y,Y,Y,Y,Y,Y,Y,Y,Y,Y,Y,Y,Y,Y,Y,Y,Y,Y,Y,Y,Y,Y,Y,Y,Y,Y,Y,Y,Y,Y,Y
LBY,Y,Y,Y,Y,Y,Y,Y,Y,Y,Y,Y,Y,Y,Y,Y,Y,Y,Y,Y,Y,Y,Y,Y,Y,Y,Y,Y,Y,Y,Y,Y,Y,Y,Y,Y,Y,Y,Y,Y,Y,Y,Y,Y,Y,Y,Y,Y,Y,Y,Y,Y,Y,Y,Y,Y,Y,Y,Y,Y,Y,Y,Y,Y,Y,Y,Y,Y,Y,Y,Y,Y,Y,Y,Y,Y,Y,Y,Y,Y,Y,Y,Y
LIE,Y,Y,Y,Y,Y,Y,Y,Y,Y,Y,A,A,Y,Y,Y,Y,Y,A,A,N,N,N,N,N,Y,N,Y,Y,Y,Y,Y,Y,Y,Y,Y,Y,Y,Y,Y,Y,Y,Y,Y,A,A,Y,A,Y,A,Y,Y,Y,Y,Y,Y,A,A,Y,Y,Y,Y,N,Y,N,Y,Y,Y,Y,Y,A,A,Y,Y,Y,Y,A,A,A,A,Y,Y,Y
LTU,A,Y,Y,A,Y,Y,Y,Y,Y,Y,A,A,Y,N,N,N,N,A,A,N,N,N,N,N,A,N,A,Y,Y,Y,Y,Y,Y,Y,Y,Y,Y,Y,Y,Y,Y,Y,Y,A,A,Y,A,Y,A,Y,Y,N,N,N,N,N,N,A,Y,A,A,N,Y,N,Y,Y,Y,Y,Y,A,A,Y,Y,Y,Y,N,N,N,N,Y,Y,Y
LUX,A,Y,Y,A,Y,Y,Y,Y,Y,Y,A,A,Y,A,A,N,N,A,A,N,N,N,N,N,A,N,A,Y,Y,Y,Y,Y,Y,Y,Y,Y,Y,Y,Y,Y,Y,Y,Y,A,A,Y,Y,Y,Y,Y,Y,A,A,N,N,N,N,A,Y,A,A,N,Y,N,Y,Y,Y,Y,Y,A,A,Y,Y,Y,Y,N,N,N,N,Y,Y,Y
MDG,Y,Y,Y,Y,Y,Y,Y,Y,Y,Y,Y,Y,Y,Y,Y,Y,Y,,Y,Y,Y,Y,Y,Y,Y,Y,Y,Y,Y,,Y,Y,Y,Y,Y,Y,Y,Y,Y,Y,Y,Y,Y,Y,Y,Y,Y,Y,Y,Y,Y,Y,Y,Y,Y,Y,Y,Y,Y,Y,Y,Y,Y,Y,Y,Y,Y,Y,Y,Y,Y,Y,Y,Y,Y,Y,Y,Y,Y,Y,Y,Y
MWI,Y,A,Y,Y,Y,Y,Y,Y,Y,Y,Y,Y,Y,Y,Y,Y,Y,Y,Y,Y,Y,Y,Y,Y,Y,Y,Y,Y,Y,Y,Y,Y,Y,Y,Y,Y,Y,Y,Y,Y,Y,Y,Y,Y,Y,Y,Y,Y,Y,Y,Y,Y,Y,Y,Y,Y,Y,Y,Y,Y,Y,Y,Y,Y,Y,Y,Y,Y,Y,Y,Y,Y,Y,Y,Y,Y,Y,Y,Y,Y,Y,Y
MYS,Y,Y,Y,Y,Y,Y,Y,Y,Y,Y,Y,Y,Y,Y,Y,Y,Y,Y,Y,Y,Y,Y,Y,Y,Y,Y,Y,Y,Y,Y,Y,Y,Y,Y,Y,Y,Y,Y,Y,Y,Y,Y,Y,Y,Y,Y,Y,Y,Y,Y,Y,Y,Y,Y,Y,Y,Y,Y,Y,Y,Y,Y,Y,Y,Y,Y,Y,Y,Y,Y,Y,Y,Y,Y,Y,Y,Y,Y,Y,Y,Y,Y
MDV,Y,Y,Y,Y,Y,Y,Y,Y,Y,Y,Y,Y,Y,Y,Y,Y,Y,Y,Y,Y,Y,Y,Y,Y,Y,Y,Y,Y,Y,Y,Y,Y,Y,Y,Y,Y,Y,Y,Y,Y,Y,Y,Y,Y,Y,Y,Y,Y,Y,Y,Y,Y,Y,Y,Y,Y,Y,Y,Y,Y,Y,Y,Y,Y,Y,Y,Y,Y,Y,Y,Y,Y,Y,Y,Y,Y,Y,Y,Y,Y,Y,Y
MLI,Y,Y,Y,Y,Y,Y,Y,Y,Y,Y,Y,Y,Y,Y,Y,Y,Y,Y,Y,Y,Y,Y,Y,Y,Y,Y,Y,Y,Y,Y,Y,Y,Y,Y,Y,Y,Y,Y,,,Y,,,Y,Y,Y,Y,Y,Y,Y,Y,Y,Y,Y,Y,Y,Y,Y,Y,Y,Y,Y,Y,Y,Y,Y,Y,Y,Y,Y,Y,Y,Y,Y,Y,Y,Y,Y,Y,Y,Y,Y
MLT,Y,Y,Y,Y,Y,Y,Y,Y,Y,Y,A,A,Y,Y,Y,Y,Y,A,A,N,N,N,N,N,A,N,A,Y,Y,Y,Y,Y,Y,Y,Y,Y,Y,Y,Y,Y,Y,Y,Y,A,A,Y,A,Y,A,Y,Y,Y,Y,Y,Y,Y,Y,Y,Y,Y,Y,A,Y,A,Y,Y,Y,Y,Y,A,A,Y,Y,Y,Y,Y,Y,Y,Y,Y,Y,Y
MHL,Y,Y,Y,Y,,,Y,,Y,,Y,Y,Y,Y,Y,Y,Y,Y,,Y,Y,Y,Y,Y,Y,Y,Y,Y,Y,Y,Y,Y,Y,Y,Y,Y,Y,Y,Y,Y,Y,,,Y,Y,Y,Y,Y,Y,Y,Y,Y,Y,Y,Y,Y,Y,Y,Y,Y,Y,Y,,Y,Y,Y,Y,Y,Y,,,Y,Y,Y,Y,Y,Y,Y,Y,Y,Y,Y
MRT,Y,Y,Y,Y,Y,Y,Y,Y,Y,Y,Y,Y,Y,Y,Y,Y,Y,Y,Y,Y,Y,Y,Y,Y,Y,Y,Y,Y,Y,Y,Y,Y,Y,Y,Y,Y,Y,Y,Y,Y,Y,Y,Y,Y,Y,Y,Y,Y,Y,Y,Y,Y,Y,Y,Y,Y,Y,Y,,Y,Y,Y,Y,Y,Y,Y,Y,Y,Y,Y,Y,Y,Y,Y,Y,Y,Y,Y,Y,Y,Y,Y
MUS,Y,,,Y,,,Y,Y,Y,Y,Y,Y,Y,Y,Y,,Y,Y,Y,Y,Y,Y,Y,Y,,Y,A,Y,Y,A,,,,A,,,A,Y,,,,Y,Y,Y,Y,Y,,Y,Y,Y,Y,,Y,,A,,A,Y,Y,Y,Y,A,,A,Y,A,,A,,Y,Y,,Y,Y,Y,Y,Y,Y,Y,Y,Y,Y
MEX,Y,Y,Y,Y,Y,Y,Y,Y,Y,Y,Y,Y,Y,Y,Y,Y,Y,Y,Y,Y,Y,Y,Y,Y,Y,Y,Y,Y,Y,Y,Y,Y,Y,Y,Y,Y,Y,Y,Y,Y,Y,Y,Y,Y,Y,Y,A,Y,A,Y,Y,Y,Y,Y,Y,Y,Y,Y,,Y,Y,Y,Y,Y,Y,Y,Y,Y,Y,Y,Y,Y,Y,Y,Y,Y,Y,Y,Y,Y,Y,Y
FSM,N,,,N,,,Y,Y,Y,Y,N,N,,,,,,A,A,N,N,N,N,N,N,N,,Y,Y,Y,Y,Y,Y,Y,Y,Y,Y,Y,Y,Y,Y,Y,Y,A,A,Y,,Y,,,,,,,,,,A,Y,A,A,N,Y,N,Y,Y,Y,Y,Y,,,Y,Y,Y,Y,A,A,,,Y,Y,Y
MCO,A,Y,Y,A,Y,Y,Y,Y,Y,Y,A,A,Y,A,A,N,N,A,A,N,N,N,N,A,A,N,A,Y,Y,Y,Y,Y,Y,Y,Y,Y,Y,Y,Y,Y,Y,Y,Y,A,A,Y,A,Y,A,,,N,N,N,N,N,N,,,,,N,Y,N,Y,Y,Y,Y,Y,A,A,Y,Y,Y,Y,A,A,N,N,Y,Y,Y
MNG,Y,Y,Y,Y,Y,Y,Y,Y,Y,Y,Y,Y,Y,Y,Y,Y,Y,Y,Y,Y,Y,Y,Y,Y,Y,Y,Y,Y,Y,Y,Y,Y,Y,Y,Y,Y,Y,Y,Y,Y,Y,Y,Y,Y,Y,Y,Y,Y,Y,Y,Y,Y,Y,Y,Y,Y,Y,Y,,Y,Y,Y,Y,Y,Y,Y,Y,Y,Y,Y,Y,Y,Y,Y,Y,Y,Y,Y,Y,Y,Y,Y
MNE,Y,Y,Y,Y,Y,Y,Y,Y,Y,Y,A,A,Y,Y,Y,Y,Y,A,A,N,N,N,N,Y,A,N,A,Y,Y,Y,Y,Y,Y,Y,Y,Y,Y,Y,Y,Y,Y,Y,Y,A,A,Y,Y,Y,Y,Y,Y,Y,A,A,N,A,N,Y,Y,Y,Y,A,Y,A,Y,Y,Y,Y,Y,A,A,Y,Y,Y,Y,A,A,A,A,Y,Y,Y
MAR,Y,Y,Y,Y,Y,Y,Y,Y,Y,Y,Y,Y,Y,A,A,Y,Y,Y,Y,Y,Y,Y,Y,Y,Y,Y,Y,Y,Y,Y,Y,Y,Y,Y,Y,Y,Y,Y,Y,Y,Y,Y,Y,Y,Y,Y,Y,Y,Y,Y,Y,Y,Y,Y,Y,Y,Y,Y,Y,Y,Y,Y,Y,Y,Y,Y,Y,Y,Y,Y,Y,Y,A,Y,Y,Y,Y,Y,Y,Y,Y,Y
MOZ,Y,Y,Y,Y,Y,Y,Y,Y,Y,Y,Y,Y,Y,Y,Y,Y,Y,Y,Y,Y,Y,Y,Y,Y,Y,Y,Y,Y,Y,Y,Y,Y,Y,Y,Y,Y,Y,Y,Y,Y,Y,Y,Y,Y,Y,Y,Y,Y,Y,Y,Y,Y,Y,Y,Y,Y,Y,Y,Y,Y,Y,Y,Y,Y,Y,Y,Y,Y,Y,Y,Y,Y,Y,Y,Y,Y,Y,Y,Y,Y,Y,Y
MMR,Y,Y,Y,Y,Y,Y,Y,Y,Y,Y,Y,Y,Y,Y,Y,Y,Y,Y,Y,Y,Y,Y,Y,Y,Y,Y,Y,Y,Y,A,Y,Y,Y,A,Y,Y,Y,Y,A,A,Y,A,A,Y,Y,Y,Y,Y,Y,Y,Y,Y,Y,Y,Y,Y,Y,Y,Y,Y,Y,Y,Y,Y,Y,Y,Y,Y,Y,Y,Y,A,A,A,A,Y,Y,Y,Y,Y,Y,
NAM,Y,Y,Y,Y,Y,Y,Y,Y,Y,Y,Y,Y,Y,Y,Y,Y,Y,,Y,Y,Y,Y,Y,Y,Y,Y,Y,Y,Y,Y,Y,Y,Y,Y,Y,Y,Y,Y,A,A,Y,Y,Y,Y,Y,Y,Y,Y,Y,Y,Y,Y,Y,Y,Y,Y,Y,Y,Y,Y,Y,Y,Y,Y,Y,Y,Y,Y,Y,Y,Y,Y,Y,Y,Y,Y,Y,Y,Y,Y,Y,Y
NRU,,,,,,,,,,,,,,,,,,,,,,,,,,,,,,,,,,Y,,,,,,,,,,,,,,,,,Y,,Y,,Y,,Y,,Y,,,,,,,,,,,,,,,,,,,Y,,,,
NPL,Y,Y,Y,Y,Y,Y,Y,Y,Y,Y,Y,Y,Y,Y,Y,Y,Y,Y,Y,Y,Y,Y,Y,Y,Y,Y,Y,Y,Y,Y,Y,Y,Y,Y,Y,Y,Y,Y,Y,Y,Y,Y,Y,Y,Y,Y,Y,Y,Y,Y,Y,Y,Y,Y,Y,Y,Y,Y,,Y,Y,Y,Y,Y,Y,Y,Y,Y,Y,Y,Y,A,A,A,A,Y,Y,Y,Y,Y,Y,
NLD,A,Y,Y,A,Y,Y,Y,Y,Y,Y,A,A,Y,A,A,N,N,A,A,N,N,N,N,N,A,N,A,Y,Y,Y,Y,Y,Y,Y,Y,Y,Y,Y,Y,Y,Y,Y,Y,A,A,Y,A,Y,A,Y,Y,A,A,N,N,N,N,A,Y,A,A,N,Y,N,Y,Y,Y,Y,Y,A,A,Y,Y,Y,Y,N,N,N,N,Y,Y,Y
NZL,Y,Y,Y,Y,Y,Y,Y,Y,Y,Y,A,A,Y,Y,Y,Y,Y,Y,Y,N,N,N,N,N,Y,N,Y,Y,Y,Y,Y,Y,Y,Y,Y,Y,Y,Y,Y,Y,Y,Y,Y,A,A,Y,A,Y,A,Y,Y,Y,Y,Y,Y,Y,Y,Y,Y,Y,Y,A,Y,A,Y,Y,Y,Y,Y,A,A,Y,Y,Y,Y,Y,Y,A,A,Y,Y,Y
NIC,Y,Y,Y,Y,Y,Y,Y,Y,Y,Y,Y,Y,Y,Y,Y,Y,Y,,Y,Y,Y,Y,Y,Y,Y,Y,Y,Y,Y,Y,Y,Y,Y,Y,Y,Y,Y,Y,A,A,Y,A,A,Y,Y,Y,Y,Y,Y,Y,Y,Y,Y,Y,Y,Y,Y,Y,Y,Y,Y,Y,Y,Y,Y,Y,Y,Y,Y,Y,Y,Y,Y,Y,Y,Y,Y,Y,Y,A,A,A
NER,Y,Y,Y,Y,Y,Y,Y,Y,Y,Y,Y,Y,Y,Y,Y,Y,Y,,Y,Y,Y,Y,Y,Y,Y,Y,Y,Y,Y,Y,Y,Y,Y,Y,Y,Y,Y,Y,Y,Y,Y,Y,Y,Y,Y,Y,Y,Y,Y,Y,Y,Y,Y,Y,Y,Y,Y,Y,Y,Y,Y,Y,Y,Y,Y,Y,Y,Y,Y,Y,Y,Y,Y,Y,Y,Y,Y,Y,Y,Y,Y,Y
NGA,Y,Y,Y,Y,Y,Y,Y,Y,Y,Y,Y,Y,Y,Y,Y,Y,Y,Y,Y,Y,Y,Y,Y,Y,Y,Y,Y,Y,Y,Y,Y,Y,Y,Y,Y,Y,Y,Y,Y,A,Y,Y,A,Y,Y,Y,Y,Y,Y,Y,Y,Y,Y,Y,Y,Y,Y,Y,Y,Y,Y,Y,Y,Y,Y,Y,Y,Y,Y,Y,Y,Y,Y,Y,Y,Y,Y,Y,Y,Y,Y,Y
NOR,Y,Y,Y,Y,Y,Y,Y,Y,Y,Y,A,A,Y,A,A,A,A,A,A,N,N,N,N,N,A,N,A,Y,Y,Y,Y,Y,Y,Y,Y,Y,Y,Y,Y,Y,Y,Y,Y,A,A,Y,A,Y,A,Y,Y,A,A,A,A,N,N,A,Y,A,A,N,Y,N,Y,Y,Y,Y,Y,A,A,Y,Y,Y,Y,A,A,A,A,Y,Y,Y
OMN,Y,Y,Y,Y,Y,Y,Y,Y,Y,Y,Y,Y,Y,Y,Y,Y,Y,Y,Y,Y,Y,Y,Y,Y,Y,Y,Y,Y,Y,Y,Y,Y,Y,Y,Y,Y,Y,Y,A,A,Y,A,A,Y,Y,Y,Y,Y,Y,Y,Y,Y,Y,Y,Y,Y,Y,Y,Y,Y,Y,Y,Y,Y,Y,Y,Y,Y,Y,Y,Y,A,A,Y,Y,Y,Y,Y,Y,A,A,A
PAK,Y,A,A,Y,A,A,Y,Y,A,A,Y,Y,Y,A,A,Y,Y,Y,Y,Y,Y,Y,Y,A,A,A,A,N,N,A,A,N,A,A,A,N,A,Y,Y,Y,A,Y,Y,Y,Y,Y,Y,Y,Y,Y,Y,A,A,A,A,A,A,A,Y,A,A,A,N,A,N,Y,A,Y,A,Y,Y,A,A,A,A,Y,Y,A,A,Y,Y,Y
PLW,N,N,N,N,Y,Y,A,,Y,,,,Y,Y,,Y,,A,,A,,A,Y,A,A,,,Y,,Y,Y,Y,Y,,,,,Y,Y,Y,,,,A,,A,A,Y,,Y,,Y,Y,Y,Y,Y,Y,A,N,Y,Y,A,A,Y,Y,Y,Y,Y,Y,A,,Y,Y,Y,Y,A,A,Y,Y,Y,Y,Y
PAN,A,A,A,A,A,A,Y,Y,Y,Y,Y,Y,Y,Y,Y,Y,Y,Y,Y,Y,Y,Y,Y,A,A,A,A,Y,Y,Y,Y,Y,Y,Y,Y,Y,Y,Y,Y,Y,Y,Y,Y,Y,Y,Y,Y,Y,Y,Y,Y,Y,Y,Y,Y,Y,Y,Y,A,Y,Y,Y,Y,Y,Y,Y,Y,Y,Y,Y,Y,Y,Y,Y,Y,Y,Y,Y,Y,Y,Y,Y
PNG,Y,Y,Y,Y,Y,Y,Y,Y,Y,Y,Y,Y,Y,Y,Y,Y,Y,Y,Y,Y,Y,Y,Y,Y,Y,Y,Y,Y,Y,Y,Y,Y,Y,Y,Y,Y,Y,Y,Y,Y,Y,Y,Y,Y,Y,Y,Y,Y,Y,Y,Y,Y,Y,Y,Y,Y,Y,Y,Y,Y,Y,Y,Y,Y,Y,Y,Y,Y,Y,Y,Y,Y,Y,Y,Y,Y,Y,Y,Y,Y,Y,Y
PRY,Y,Y,Y,Y,Y,Y,Y,Y,Y,Y,Y,Y,Y,Y,Y,Y,Y,Y,Y,Y,Y,Y,Y,Y,Y,Y,Y,Y,Y,Y,Y,Y,Y,Y,Y,Y,Y,Y,Y,Y,Y,Y,Y,Y,Y,Y,Y,Y,Y,Y,Y,Y,Y,Y,Y,Y,Y,Y,Y,Y,Y,Y,Y,Y,Y,Y,Y,Y,Y,Y,Y,Y,Y,Y,Y,Y,Y,Y,Y,Y,Y,Y
PER,Y,Y,Y,Y,Y,Y,Y,Y,Y,Y,Y,Y,Y,Y,Y,Y,Y,Y,Y,Y,Y,Y,Y,Y,Y,Y,Y,Y,Y,Y,Y,Y,Y,Y,Y,Y,Y,Y,Y,Y,Y,Y,Y,Y,Y,Y,Y,Y,Y,Y,Y,Y,Y,Y,Y,Y,Y,Y,Y,Y,Y,Y,Y,Y,Y,Y,Y,Y,Y,Y,Y,Y,Y,Y,Y,Y,Y,Y,Y,Y,Y,Y
PHL,Y,Y,Y,Y,Y,Y,Y,Y,Y,Y,Y,Y,Y,Y,Y,Y,Y,Y,Y,Y,Y,Y,Y,Y,Y,Y,Y,Y,Y,Y,Y,Y,Y,Y,Y,Y,Y,Y,Y,Y,Y,Y,Y,Y,Y,Y,Y,Y,Y,Y,Y,Y,Y,Y,Y,Y,Y,Y,Y,Y,Y,Y,Y,Y,Y,Y,Y,Y,Y,Y,Y,Y,Y,Y,Y,Y,Y,Y,Y,Y,Y,Y
POL,A,Y,Y,A,Y,Y,Y,Y,Y,Y,A,A,Y,N,N,N,N,A,A,N,N,N,N,N,A,N,A,Y,Y,Y,Y,Y,Y,Y,Y,Y,Y,Y,Y,Y,Y,Y,Y,A,A,Y,A,Y,A,Y,Y,N,N,N,N,N,N,A,Y,A,A,N,Y,N,Y,Y,Y,Y,Y,A,A,A,A,Y,Y,N,N,N,N,Y,Y,Y
PRT,Y,Y,Y,Y,Y,Y,Y,Y,Y,Y,A,A,Y,A,A,A,A,A,A,N,N,N,N,N,A,N,A,Y,Y,Y,Y,Y,Y,Y,Y,Y,Y,Y,Y,Y,Y,Y,Y,A,A,Y,Y,Y,Y,Y,Y,A,A,A,A,N,N,A,Y,A,A,N,Y,N,Y,Y,Y,Y,Y,A,A,Y,Y,Y,Y,N,N,A,A,Y,Y,Y
QAT,Y,Y,Y,Y,Y,Y,Y,Y,Y,Y,Y,Y,Y,Y,Y,Y,Y,Y,Y,Y,Y,Y,Y,Y,Y,Y,Y,Y,Y,Y,Y,Y,Y,Y,Y,Y,Y,Y,Y,Y,Y,Y,Y,Y,Y,Y,Y,Y,Y,Y,Y,Y,Y,Y,Y,Y,Y,Y,Y,Y,Y,Y,Y,Y,Y,Y,Y,Y,Y,Y,Y,A,A,Y,Y,Y,Y,Y,Y,A,A,A
KOR,Y,Y,Y,Y,Y,Y,Y,Y,Y,Y,A,A,Y,A,A,A,A,Y,Y,A,A,A,A,N,A,N,A,Y,Y,A,Y,Y,Y,A,Y,Y,Y,Y,Y,Y,Y,Y,Y,A,A,Y,Y,Y,Y,Y,Y,N,N,N,N,N,N,A,Y,A,A,A,Y,A,Y,Y,Y,Y,Y,A,A,A,A,A,A,A,A,N,N,Y,Y,Y
MDA,Y,Y,Y,Y,Y,Y,Y,Y,Y,Y,A,A,Y,A,A,A,A,A,A,N,N,N,N,N,A,N,A,Y,Y,Y,Y,Y,Y,Y,Y,Y,Y,Y,Y,Y,Y,Y,Y,A,A,Y,Y,Y,Y,Y,Y,A,A,A,A,A,A,A,Y,A,A,N,Y,N,Y,Y,Y,,Y,A,A,Y,Y,Y,Y,A,A,A,A,Y,Y,Y
ROU,Y,Y,Y,Y,Y,Y,Y,Y,Y,Y,A,A,Y,A,A,A,A,A,A,N,N,N,N,N,A,N,A,Y,Y,Y,Y,Y,Y,Y,Y,Y,Y,Y,Y,Y,Y,Y,Y,A,A,Y,Y,Y,Y,Y,Y,N,N,N,N,N,N,A,Y,A,A,N,Y,N,Y,Y,Y,Y,Y,A,A,A,A,Y,Y,A,A,A,A,Y,Y,Y
RUS,Y,Y,Y,Y,Y,Y,Y,Y,Y,Y,Y,Y,Y,N,N,N,N,Y,Y,A,A,A,A,N,Y,N,Y,Y,Y,N,Y,Y,Y,N,Y,Y,Y,A,A,A,Y,A,A,A,A,A,Y,A,Y,N,N,N,N,N,N,N,N,N,Y,N,N,N,Y,N,Y,Y,Y,Y,Y,Y,Y,N,N,A,A,N,N,A,A,A,A,A
RWA,A,Y,Y,A,Y,Y,Y,Y,Y,Y,Y,Y,Y,Y,Y,Y,Y,Y,Y,Y,Y,Y,Y,Y,,Y,Y,Y,Y,Y,Y,Y,Y,Y,Y,Y,Y,Y,Y,Y,Y,Y,Y,Y,Y,Y,Y,Y,Y,Y,Y,Y,Y,A,Y,Y,Y,Y,Y,Y,Y,Y,Y,Y,Y,Y,Y,Y,Y,Y,Y,A,Y,Y,Y,Y,Y,Y,Y,Y,Y,Y
KNA,,,,Y,Y,Y,,Y,,Y,,Y,,,Y,,Y,,Y,,Y,,Y,,,Y,Y,,Y,,,,,Y,Y,Y,Y,,,,Y,Y,Y,,Y,,,Y,Y,,Y,,Y,,Y,,Y,,,Y,Y,,,Y,Y,,,Y,Y,,Y,,Y,,Y,,Y,,Y,,Y,Y
LCA,,,,Y,Y,Y,,Y,,Y,,Y,,,Y,,Y,,Y,,Y,,Y,,,Y,Y,,Y,,,,,Y,Y,Y,Y,,,,Y,Y,Y,,Y,,,Y,Y,,Y,,Y,,Y,,Y,,,Y,Y,,,Y,Y,,,Y,Y,,Y,,Y,,Y,,Y,,Y,,Y,Y
VCT,Y,Y,Y,Y,Y,Y,Y,Y,Y,Y,Y,Y,Y,Y,Y,Y,Y,Y,Y,Y,Y,Y,Y,Y,Y,Y,Y,Y,Y,Y,Y,Y,Y,Y,Y,Y,Y,,,,Y,Y,Y,Y,Y,Y,Y,Y,Y,Y,Y,Y,Y,Y,Y,Y,Y,Y,,Y,Y,Y,Y,Y,Y,Y,Y,Y,Y,Y,Y,Y,Y,Y,Y,Y,Y,Y,Y,Y,Y,Y
WSM,Y,Y,Y,Y,Y,Y,,Y,Y,Y,A,A,,Y,Y,Y,Y,,Y,Y,Y,Y,Y,A,A,A,A,Y,Y,Y,Y,Y,Y,Y,Y,Y,Y,,,,Y,Y,Y,Y,Y,,,Y,Y,Y,Y,Y,Y,Y,Y,Y,Y,Y,Y,Y,Y,Y,Y,Y,Y,Y,Y,Y,Y,,Y,Y,Y,Y,Y,Y,Y,Y,Y,Y,Y,Y
SMR,Y,Y,Y,Y,Y,Y,Y,Y,Y,Y,A,A,Y,Y,Y,Y,Y,A,A,N,N,N,N,N,A,N,A,Y,Y,Y,Y,Y,Y,Y,Y,Y,Y,Y,Y,Y,Y,Y,Y,A,A,Y,A,Y,A,Y,Y,Y,Y,Y,Y,Y,Y,Y,Y,Y,Y,N,Y,N,Y,Y,Y,Y,Y,A,A,Y,Y,Y,Y,Y,Y,Y,Y,Y,Y,Y
STP,,,,,,,,,,,,,,,,,,,,,,,,,,,,,,,,,,,,,,,,,,,,,,,,,,,,,,,,,,,,,,,,,,,,,,,,,,,,,,,,,,
SAU,Y,Y,Y,Y,Y,Y,Y,Y,Y,Y,Y,Y,Y,Y,Y,Y,Y,Y,Y,Y,Y,Y,Y,Y,Y,Y,Y,Y,Y,Y,Y,Y,Y,Y,Y,Y,Y,Y,Y,Y,Y,Y,Y,Y,Y,Y,Y,Y,Y,Y,Y,Y,Y,Y,Y,Y,Y,Y,Y,Y,Y,Y,Y,Y,Y,Y,Y,Y,Y,Y,Y,A,A,A,A,Y,Y,Y,Y,A,A,A
SEN,Y,Y,Y,Y,Y,Y,Y,Y,Y,Y,Y,Y,Y,Y,Y,Y,Y,Y,Y,Y,Y,Y,Y,Y,Y,Y,Y,Y,Y,Y,Y,Y,Y,Y,Y,Y,Y,Y,Y,Y,Y,Y,Y,Y,Y,Y,Y,Y,Y,Y,Y,Y,Y,Y,Y,Y,Y,Y,Y,Y,Y,Y,Y,Y,Y,Y,Y,Y,Y,Y,Y,Y,Y,Y,Y,Y,Y,Y,Y,Y,Y,Y
SRB,Y,Y,Y,Y,Y,Y,Y,Y,Y,Y,Y,Y,Y,Y,Y,A,A,A,A,A,A,A,A,N,A,N,A,Y,Y,Y,Y,Y,Y,Y,Y,Y,Y,Y,Y,Y,Y,Y,Y,A,A,Y,Y,Y,Y,Y,Y,Y,Y,Y,Y,Y,Y,Y,Y,Y,Y,A,Y,A,Y,Y,Y,Y,Y,Y,Y,A,A,Y,Y,A,A,Y,Y,Y,Y,Y
SYC,,,,Y,Y,Y,,Y,,,,,,,Y,,Y,,,,Y,,Y,,,,,,Y,,,,,Y,Y,Y,Y,,,,Y,,,,Y,,,,,,,,Y,,Y,,,,,Y,Y,,,Y,Y,,,Y,Y,,Y,,,,,,Y,,,,,
SLE,Y,Y,Y,,,,Y,,Y,,Y,,Y,Y,,Y,,Y,,Y,,Y,,Y,Y,,,Y,,Y,Y,Y,Y,,,,,Y,Y,Y,,,,Y,,Y,Y,,,Y,,Y,,Y,,Y,,Y,Y,,,Y,Y,,,Y,Y,,,Y,,Y,,Y,,Y,,Y,,Y,,
SGP,Y,Y,Y,Y,Y,Y,Y,Y,Y,Y,Y,Y,Y,Y,Y,Y,Y,Y,Y,Y,Y,Y,Y,Y,Y,Y,Y,Y,Y,Y,Y,Y,Y,Y,Y,Y,Y,Y,Y,Y,Y,Y,Y,Y,Y,Y,Y,Y,Y,Y,Y,Y,Y,Y,Y,Y,Y,Y,Y,Y,Y,Y,Y,Y,Y,Y,Y,Y,Y,Y,Y,Y,Y,Y,Y,Y,Y,Y,Y,Y,Y,Y
SVK,Y,Y,Y,Y,Y,Y,Y,Y,Y,Y,A,A,Y,A,A,N,N,A,A,N,N,N,N,N,A,N,A,Y,Y,Y,Y,Y,Y,Y,Y,Y,Y,Y,Y,Y,Y,Y,Y,A,A,Y,A,Y,A,Y,Y,A,A,N,N,N,N,A,Y,A,A,N,Y,N,Y,Y,Y,Y,Y,A,A,Y,Y,Y,Y,N,N,N,N,Y,Y,Y
SVN,Y,Y,Y,Y,Y,Y,Y,Y,Y,Y,A,A,Y,A,A,A,A,A,A,N,N,N,N,N,A,N,A,Y,Y,Y,Y,Y,Y,Y,Y,Y,Y,Y,Y,Y,Y,Y,Y,A,A,Y,Y,Y,Y,Y,Y,A,A,N,N,N,N,A,Y,A,A,N,Y,N,Y,Y,Y,Y,Y,A,A,Y,Y,Y,Y,N,N,N,N,Y,Y,Y
SLB,Y,Y,Y,Y,Y,Y,Y,Y,Y,Y,Y,Y,Y,Y,Y,Y,Y,Y,Y,Y,Y,Y,Y,Y,Y,Y,Y,Y,Y,Y,Y,Y,Y,Y,Y,Y,Y,Y,Y,Y,Y,Y,Y,Y,Y,Y,Y,Y,Y,Y,Y,Y,Y,Y,Y,Y,Y,Y,Y,Y,Y,Y,Y,Y,Y,Y,Y,Y,Y,Y,Y,Y,Y,Y,Y,Y,Y,Y,Y,Y,Y,Y
SOM,Y,Y,Y,,,,Y,,,,Y,,,,,Y,,,,Y,,Y,,Y,Y,,,,,Y,Y,Y,Y,,,,,,,,,,,Y,,,,,,,,Y,,Y,,Y,,,,,,Y,Y,,,Y,Y,,,Y,,,,,,Y,,,,,,
ZAF,Y,Y,Y,Y,Y,Y,,Y,Y,Y,Y,Y,Y,Y,Y,Y,Y,,Y,Y,Y,Y,Y,Y,Y,Y,Y,Y,Y,Y,Y,Y,Y,A,Y,Y,Y,Y,Y,Y,Y,,Y,A,Y,Y,Y,Y,Y,Y,Y,Y,Y,Y,Y,Y,Y,Y,Y,Y,Y,Y,A,Y,Y,Y,Y,Y,Y,Y,Y,Y,Y,Y,Y,Y,Y,Y,Y,Y,Y,Y
SSD,,,,,,,,,,,,,,,,,,,,,,,,,,,,,,,,,,,,,,,,,,,,,,,,,,,,,,,,,,,,,,,,,,,,,,,,,,,,,,,,,,
ESP,Y,Y,Y,Y,Y,Y,Y,Y,Y,Y,A,A,Y,A,A,N,N,A,A,N,N,N,N,N,A,N,A,Y,Y,Y,Y,Y,Y,Y,Y,Y,Y,Y,Y,Y,Y,Y,Y,A,A,Y,A,Y,A,Y,Y,N,N,N,N,N,N,A,Y,A,A,N,Y,N,Y,Y,Y,Y,Y,A,A,Y,Y,Y,Y,N,N,N,N,Y,Y,Y
LKA,Y,Y,Y,Y,Y,Y,Y,Y,Y,Y,Y,Y,Y,Y,Y,Y,Y,Y,Y,Y,Y,Y,Y,Y,Y,Y,Y,Y,Y,Y,Y,Y,Y,Y,Y,Y,Y,Y,Y,Y,Y,Y,Y,Y,Y,Y,Y,Y,Y,Y,Y,Y,Y,Y,Y,Y,Y,Y,Y,Y,Y,Y,Y,Y,Y,Y,Y,Y,Y,Y,Y,Y,Y,Y,Y,Y,Y,Y,Y,A,A,A
SDN,Y,Y,Y,Y,Y,Y,Y,Y,Y,Y,Y,Y,Y,Y,Y,Y,Y,Y,Y,Y,Y,Y,Y,Y,Y,Y,Y,Y,Y,Y,Y,Y,Y,Y,Y,Y,Y,Y,Y,Y,Y,Y,Y,Y,Y,Y,Y,Y,Y,Y,Y,Y,Y,Y,Y,Y,Y,Y,Y,Y,Y,Y,Y,Y,Y,Y,Y,Y,Y,Y,Y,Y,Y,Y,Y,Y,Y,Y,Y,A,A,A
SUR,Y,Y,Y,Y,Y,Y,Y,Y,Y,Y,Y,Y,Y,Y,Y,Y,Y,Y,Y,Y,Y,Y,Y,Y,Y,Y,Y,Y,Y,Y,Y,Y,Y,Y,Y,Y,Y,,,,Y,,,Y,Y,Y,Y,Y,Y,Y,Y,Y,Y,Y,Y,Y,Y,Y,Y,Y,Y,Y,Y,Y,Y,Y,Y,Y,Y,Y,Y,Y,Y,Y,Y,Y,Y,Y,Y,Y,Y,Y
SWZ,Y,Y,Y,A,Y,Y,Y,Y,Y,Y,Y,Y,Y,Y,Y,Y,Y,,Y,Y,Y,Y,Y,Y,Y,Y,Y,Y,Y,Y,Y,Y,Y,Y,Y,Y,Y,Y,Y,Y,Y,Y,Y,Y,Y,Y,Y,Y,Y,Y,Y,Y,Y,Y,Y,Y,Y,Y,Y,Y,Y,Y,Y,Y,Y,Y,Y,Y,Y,Y,Y,Y,Y,Y,Y,Y,Y,Y,Y,Y,Y,Y
SWE,Y,Y,Y,Y,Y,Y,Y,Y,Y,Y,A,A,Y,Y,Y,Y,Y,A,A,N,N,N,N,N,A,N,A,Y,Y,Y,Y,Y,Y,Y,Y,Y,Y,Y,Y,Y,Y,Y,Y,A,A,Y,A,Y,A,Y,Y,Y,Y,Y,Y,A,A,Y,Y,Y,Y,A,Y,A,Y,Y,Y,Y,Y,A,A,Y,Y,Y,Y,Y,Y,Y,Y,Y,Y,Y
CHE,Y,Y,Y,Y,Y,Y,Y,Y,Y,Y,A,A,Y,Y,Y,Y,Y,A,A,N,N,N,N,A,Y,A,Y,Y,Y,Y,Y,Y,Y,Y,Y,Y,Y,Y,Y,Y,Y,Y,Y,A,A,Y,A,Y,A,Y,Y,Y,Y,Y,Y,A,A,Y,Y,Y,Y,N,Y,N,Y,Y,Y,Y,Y,A,A,Y,Y,Y,Y,Y,Y,A,A,Y,Y,Y
SYR,Y,Y,Y,Y,Y,Y,Y,Y,Y,Y,Y,Y,Y,A,A,Y,Y,Y,Y,Y,Y,Y,Y,Y,Y,Y,Y,A,A,A,,,,A,,,,A,N,N,,N,N,Y,Y,Y,Y,Y,Y,Y,Y,Y,Y,Y,Y,Y,Y,Y,Y,Y,Y,Y,Y,Y,Y,A,,A,A,Y,Y,A,A,A,A,Y,Y,Y,Y,A,A,A
TJK,,,,Y,Y,Y,Y,Y,Y,Y,A,Y,Y,Y,Y,,Y,Y,Y,,Y,,Y,,,Y,Y,Y,Y,,,,,Y,Y,Y,Y,Y,A,A,Y,A,A,,Y,Y,Y,Y,Y,Y,Y,,Y,,Y,,Y,Y,Y,Y,Y,,,Y,Y,,,Y,Y,Y,Y,A,A,A,Y,,Y,Y,Y,Y,Y,Y
THA,Y,Y,Y,Y,Y,Y,Y,Y,Y,Y,Y,Y,Y,Y,Y,Y,Y,Y,Y,Y,Y,Y,Y,Y,Y,Y,Y,Y,Y,Y,Y,Y,Y,Y,Y,Y,Y,Y,Y,Y,Y,Y,Y,Y,Y,Y,Y,Y,Y,Y,Y,Y,Y,Y,Y,Y,Y,Y,Y,Y,Y,Y,Y,Y,Y,Y,Y,Y,Y,Y,Y,Y,Y,Y,Y,Y,Y,Y,Y,Y,Y,Y
MKD,Y,Y,Y,Y,Y,Y,Y,Y,Y,Y,A,A,Y,Y,Y,A,A,A,A,N,N,N,N,N,A,N,A,Y,Y,Y,Y,Y,Y,Y,Y,Y,Y,Y,Y,Y,Y,Y,Y,A,A,Y,A,Y,A,Y,Y,Y,Y,A,A,A,A,Y,Y,Y,Y,N,Y,N,Y,Y,Y,Y,Y,A,A,Y,Y,Y,Y,A,A,A,A,Y,Y,Y
TLS,,,,Y,Y,Y,,Y,,Y,,Y,,,Y,,Y,,Y,,Y,,Y,,,Y,Y,,Y,,,,,Y,Y,Y,Y,,,,Y,Y,Y,,Y,,,Y,Y,,Y,,Y,,Y,,Y,,,Y,Y,,,Y,Y,,,Y,Y,,Y,,Y,,Y,,Y,,Y,,Y,Y
TGO,Y,Y,Y,Y,Y,Y,Y,Y,Y,Y,Y,Y,Y,Y,Y,Y,Y,Y,Y,Y,Y,Y,Y,A,A,Y,Y,Y,Y,Y,Y,Y,Y,Y,Y,Y,Y,Y,Y,Y,Y,Y,Y,Y,Y,Y,Y,Y,Y,Y,Y,Y,Y,Y,Y,Y,Y,Y,Y,Y,Y,Y,Y,Y,Y,Y,Y,Y,Y,Y,Y,Y,Y,Y,Y,Y,Y,Y,Y,Y,Y,Y
TON,,Y,Y,,Y,Y,Y,Y,Y,Y,A,A,Y,Y,Y,Y,Y,Y,Y,Y,Y,Y,Y,,,,,Y,Y,Y,Y,Y,Y,Y,Y,Y,Y,,,,Y,,,Y,Y,Y,Y,Y,Y,Y,Y,Y,Y,Y,Y,Y,Y,Y,Y,Y,Y,Y,Y,Y,Y,Y,Y,Y,Y,,,,,Y,Y,Y,Y,Y,Y,Y,Y,Y
TTO,Y,Y,Y,,Y,Y,Y,Y,Y,Y,Y,Y,Y,Y,Y,Y,Y,Y,Y,Y,Y,Y,Y,Y,Y,Y,Y,Y,Y,Y,Y,Y,Y,Y,Y,Y,Y,Y,Y,Y,Y,Y,Y,Y,Y,Y,Y,Y,Y,Y,Y,Y,Y,Y,Y,Y,Y,Y,Y,Y,Y,Y,Y,Y,Y,Y,Y,,Y,Y,Y,Y,Y,Y,Y,Y,Y,Y,Y,Y,Y,Y
TUN,Y,Y,Y,Y,Y,Y,Y,Y,Y,Y,Y,Y,Y,Y,Y,Y,Y,Y,Y,Y,Y,Y,Y,Y,Y,Y,Y,Y,Y,Y,Y,Y,Y,Y,Y,Y,Y,Y,Y,Y,Y,Y,Y,Y,Y,Y,Y,Y,Y,Y,Y,Y,Y,Y,Y,Y,Y,Y,Y,Y,Y,Y,Y,Y,Y,Y,Y,Y,Y,Y,Y,Y,Y,Y,Y,Y,Y,Y,Y,Y,Y,Y
TUR,Y,Y,Y,Y,Y,Y,Y,Y,Y,Y,A,A,Y,A,A,A,A,A,A,N,N,N,N,A,A,A,A,Y,Y,Y,Y,Y,Y,Y,Y,Y,Y,Y,Y,Y,Y,Y,Y,A,A,Y,Y,Y,Y,Y,Y,N,N,N,N,N,N,A,A,A,A,N,Y,N,Y,Y,Y,Y,Y,A,A,A,A,Y,Y,N,N,A,A,Y,Y,Y
TKM,,,,Y,Y,Y,Y,Y,,,Y,Y,Y,Y,Y,,Y,Y,Y,,Y,,Y,,,Y,Y,Y,Y,,,,,Y,Y,Y,Y,,,,Y,,,,Y,Y,Y,Y,Y,Y,Y,,,,Y,,,Y,Y,Y,Y,,,,,,,Y,Y,Y,Y,,,Y,Y,,Y,Y,Y,Y,Y,Y
TUV,,,,,,,Y,,,,,,Y,Y,Y,Y,Y,N,,Y,Y,Y,Y,,,,,Y,Y,Y,Y,Y,Y,Y,Y,Y,Y,Y,Y,Y,Y,Y,Y,,,Y,Y,Y,Y,Y,Y,Y,Y,Y,Y,Y,Y,Y,Y,Y,Y,Y,,Y,Y,Y,,Y,,,,,Y,Y,Y,,Y,Y,Y,Y,Y,Y
UGA,Y,Y,Y,Y,Y,Y,Y,Y,Y,Y,Y,Y,Y,Y,Y,Y,Y,Y,Y,Y,Y,Y,Y,Y,Y,Y,Y,Y,Y,A,A,A,A,Y,Y,A,Y,Y,Y,A,Y,Y,Y,Y,Y,Y,Y,Y,Y,Y,Y,Y,Y,A,Y,Y,Y,Y,Y,Y,Y,Y,Y,Y,Y,Y,Y,Y,Y,Y,,A,A,Y,Y,Y,Y,Y,Y,A,A,Y
UKR,Y,Y,Y,Y,Y,Y,Y,Y,Y,Y,A,A,Y,Y,Y,A,A,A,A,N,N,N,A,N,N,N,A,Y,Y,Y,Y,Y,Y,Y,Y,Y,Y,Y,Y,Y,Y,Y,Y,A,A,Y,Y,Y,Y,Y,Y,,,,,N,N,Y,Y,Y,Y,N,N,N,,Y,Y,Y,Y,N,N,A,A,Y,Y,A,A,A,A,Y,Y,Y
ARE,Y,Y,Y,Y,Y,Y,Y,Y,Y,Y,Y,Y,Y,Y,Y,Y,Y,Y,Y,Y,Y,Y,Y,Y,Y,Y,Y,Y,Y,Y,Y,Y,Y,Y,Y,Y,Y,Y,Y,Y,Y,Y,Y,Y,Y,Y,Y,Y,Y,Y,Y,Y,Y,Y,Y,Y,Y,Y,Y,Y,Y,Y,Y,Y,Y,Y,Y,Y,Y,Y,Y,A,A,Y,Y,Y,Y,Y,Y,Y,Y,Y
GBR,A,Y,Y,A,Y,Y,Y,Y,Y,Y,N,N,A,N,N,N,N,N,N,N,N,N,N,N,A,N,A,Y,Y,A,Y,Y,Y,A,A,A,A,Y,Y,Y,A,Y,Y,A,A,Y,A,Y,A,N,N,N,N,N,N,N,N,N,A,N,N,N,A,N,N,Y,Y,Y,Y,A,A,Y,Y,Y,Y,N,N,N,N,Y,Y,Y
TZA,Y,Y,Y,Y,Y,Y,Y,Y,Y,Y,Y,Y,Y,Y,Y,Y,Y,Y,Y,Y,Y,Y,Y,Y,Y,Y,Y,Y,Y,Y,A,Y,A,Y,Y,A,Y,Y,A,A,Y,A,A,Y,Y,Y,Y,Y,Y,Y,Y,Y,Y,Y,Y,Y,Y,Y,Y,Y,Y,Y,Y,Y,Y,Y,Y,Y,Y,Y,Y,A,Y,Y,Y,Y,Y,Y,Y,Y,Y,Y
USA,N,Y,Y,N,Y,Y,A,A,Y,Y,N,N,A,N,N,N,N,N,N,N,N,N,N,N,N,N,N,Y,Y,A,Y,Y,Y,A,Y,Y,Y,Y,Y,Y,Y,Y,Y,A,A,Y,Y,Y,Y,N,N,N,N,N,N,N,N,N,N,N,N,N,N,N,Y,Y,Y,Y,Y,N,N,A,A,A,A,N,N,N,N,Y,Y,Y
URY,Y,Y,Y,Y,Y,Y,Y,Y,Y,Y,Y,Y,Y,Y,Y,Y,Y,Y,Y,Y,Y,Y,Y,Y,Y,Y,Y,Y,Y,Y,Y,Y,Y,Y,Y,Y,Y,Y,Y,Y,Y,Y,Y,Y,Y,Y,Y,Y,Y,Y,Y,Y,Y,Y,Y,Y,Y,Y,Y,Y,Y,Y,Y,Y,Y,Y,Y,Y,Y,Y,Y,Y,Y,Y,Y,Y,Y,Y,Y,Y,Y,Y
UZB,Y,Y,Y,Y,Y,Y,Y,Y,Y,Y,Y,Y,Y,A,A,Y,Y,Y,Y,A,A,A,A,Y,Y,Y,Y,Y,Y,Y,Y,Y,Y,Y,Y,Y,Y,Y,,,Y,,,Y,Y,Y,Y,Y,Y,Y,Y,Y,Y,Y,Y,Y,Y,Y,Y,Y,Y,A,,A,,Y,Y,Y,Y,Y,Y,A,A,A,A,A,A,Y,Y,A,A,
VUT,,,,Y,Y,Y,,Y,,Y,,Y,,,Y,,Y,,Y,,Y,,Y,,,Y,Y,,Y,,,,,Y,Y,Y,Y,,,,Y,Y,Y,,Y,,,Y,Y,,Y,,Y,,Y,,Y,,,Y,Y,,,Y,Y,,,Y,Y,,Y,,Y,,Y,,Y,,Y,,Y,Y
VEN,Y,Y,Y,Y,Y,Y,Y,Y,Y,Y,Y,Y,Y,Y,Y,Y,Y,Y,Y,Y,Y,Y,Y,Y,Y,Y,Y,Y,Y,Y,Y,Y,Y,Y,Y,Y,Y,Y,N,N,Y,A,A,Y,Y,Y,Y,Y,Y,Y,Y,Y,Y,Y,Y,Y,Y,Y,Y,Y,Y,Y,Y,Y,Y,Y,Y,Y,Y,Y,Y,Y,Y,Y,Y,Y,Y,Y,Y,A,A,A
VNM,Y,Y,Y,Y,Y,Y,Y,Y,Y,Y,Y,Y,Y,Y,Y,Y,Y,Y,Y,Y,Y,Y,Y,Y,Y,Y,Y,Y,Y,Y,Y,Y,Y,Y,Y,Y,Y,Y,Y,Y,Y,Y,Y,Y,Y,Y,Y,Y,Y,Y,Y,Y,Y,Y,Y,Y,Y,Y,Y,Y,Y,Y,Y,Y,Y,Y,Y,Y,Y,Y,Y,A,A,A,A,Y,Y,Y,Y,,,
YEM,Y,Y,Y,Y,Y,Y,Y,Y,Y,Y,Y,Y,Y,Y,Y,Y,Y,Y,Y,Y,Y,Y,Y,Y,Y,Y,Y,Y,Y,Y,Y,Y,Y,Y,Y,Y,Y,Y,A,A,Y,A,A,Y,Y,Y,Y,Y,Y,Y,Y,Y,Y,Y,Y,Y,Y,Y,Y,Y,Y,Y,Y,Y,Y,Y,Y,Y,Y,Y,Y,A,A,Y,Y,Y,Y,Y,Y,Y,Y,Y
ZMB,Y,Y,Y,Y,Y,Y,Y,Y,Y,Y,Y,Y,Y,Y,Y,Y,Y,Y,Y,Y,Y,Y,Y,Y,Y,Y,Y,Y,Y,Y,Y,Y,Y,Y,Y,Y,Y,Y,Y,Y,Y,Y,Y,Y,Y,Y,Y,Y,Y,Y,Y,Y,Y,Y,Y,Y,Y,Y,Y,Y,Y,Y,Y,Y,Y,Y,Y,Y,Y,Y,Y,Y,Y,Y,Y,Y,A,Y,Y,Y,Y,Y
ZWE,Y,Y,Y,Y,Y,Y,Y,Y,Y,Y,Y,Y,Y,Y,Y,Y,Y,Y,Y,Y,Y,Y,Y,Y,Y,Y,Y,Y,Y,A,A,A,A,A,A,A,A,Y,A,A,A,A,A,Y,Y,Y,Y,Y,Y,Y,Y,Y,Y,Y,Y,Y,Y,Y,A,Y,Y,Y,Y,Y,Y,Y,Y,Y,Y,Y,Y,N,N,Y,Y,Y,Y,Y,Y,A,A,A
